145,allen-p\all_documents\234_
303,allen-p\all_documents\379_
305,allen-p\all_documents\380_
393,allen-p\all_documents\45_
524,allen-p\all_documents\578_
644,allen-p\deleted_items\113_
664,allen-p\deleted_items\132_
687,allen-p\deleted_items\155_
688,allen-p\deleted_items\156_
694,allen-p\deleted_items\161_
732,allen-p\deleted_items\198_
736,allen-p\deleted_items\200_
740,allen-p\deleted_items\204_
772,allen-p\deleted_items\238_
782,allen-p\deleted_items\248_
892,allen-p\deleted_items\416_
893,allen-p\deleted_items\417_
968,allen-p\deleted_items\79_
1093,allen-p\discussion_threads\193_
1182,allen-p\discussion_threads\400_
1327,allen-p\discussion_threads\531_
1328,allen-p\discussion_threads\532_
1369,allen-p\discussion_threads\69_
1613,allen-p\sent\188_
1754,allen-p\sent\316_
1755,allen-p\sent\317_
1970,allen-p\sent\510_
2039,allen-p\sent\6_
2087,allen-p\sent_items\108_
2166,allen-p\sent_items\180_
2178,allen-p\sent_items\191_
2195,allen-p\sent_items\206_
2251,allen-p\sent_items\257_
2252,allen-p\sent_items\258_
2372,allen-p\sent_items\53_
2373,allen-p\sent_items\54_
2535,allen-p\_sent_mail\18_
2546,allen-p\_sent_mail\19_
2586,allen-p\_sent_mail\235_
2725,allen-p\_sent_mail\363_
2726,allen-p\_sent_mail\364_
2915,allen-p\_sent_mail\53_
2934,allen-p\_sent_mail\557_
3054,arnold-j\all_documents\1016_
3079,arnold-j\all_documents\1039_
3081,arnold-j\all_documents\1040_
3097,arnold-j\all_documents\10_
3118,arnold-j\all_documents\127_
3142,arnold-j\all_documents\145_
3164,arnold-j\all_documents\165_
3217,arnold-j\all_documents\212_
3384,arnold-j\all_documents\363_
3408,arnold-j\all_documents\385_
3461,arnold-j\all_documents\432_
3478,arnold-j\all_documents\448_
3519,arnold-j\all_documents\485_
3538,arnold-j\all_documents\501_
3541,arnold-j\all_documents\504_
3594,arnold-j\all_documents\552_
3626,arnold-j\all_documents\581_
3635,arnold-j\all_documents\58_
3638,arnold-j\all_documents\592_
3653,arnold-j\all_documents\605_
3654,arnold-j\all_documents\606_
3658,arnold-j\all_documents\60_
3688,arnold-j\all_documents\638_
3721,arnold-j\all_documents\669_
3764,arnold-j\all_documents\707_
3806,arnold-j\all_documents\747_
3808,arnold-j\all_documents\749_
3871,arnold-j\all_documents\807_
3914,arnold-j\all_documents\846_
3925,arnold-j\all_documents\856_
3931,arnold-j\all_documents\861_
3938,arnold-j\all_documents\868_
3948,arnold-j\all_documents\877_
3952,arnold-j\all_documents\880_
3954,arnold-j\all_documents\882_
4036,arnold-j\all_documents\957_
4134,arnold-j\continental_airlines\6_
4148,arnold-j\deleted_items\107_
4217,arnold-j\deleted_items\16_
4225,arnold-j\deleted_items\177_
4242,arnold-j\deleted_items\192_
4248,arnold-j\deleted_items\198_
4257,arnold-j\deleted_items\205_
4258,arnold-j\deleted_items\206_
4260,arnold-j\deleted_items\208_
4282,arnold-j\deleted_items\229_
4296,arnold-j\deleted_items\242_
4310,arnold-j\deleted_items\255_
4320,arnold-j\deleted_items\264_
4324,arnold-j\deleted_items\268_
4339,arnold-j\deleted_items\281_
4342,arnold-j\deleted_items\284_
4364,arnold-j\deleted_items\305_
4379,arnold-j\deleted_items\31_
4383,arnold-j\deleted_items\323_
4396,arnold-j\deleted_items\335_
4401,arnold-j\deleted_items\33_
4439,arnold-j\deleted_items\374_
4463,arnold-j\deleted_items\397_
4474,arnold-j\deleted_items\406_
4502,arnold-j\deleted_items\432_
4509,arnold-j\deleted_items\439_
4516,arnold-j\deleted_items\445_
4541,arnold-j\deleted_items\468_
4545,arnold-j\deleted_items\471_
4556,arnold-j\deleted_items\482_
4558,arnold-j\deleted_items\484_
4578,arnold-j\deleted_items\506_
4590,arnold-j\deleted_items\517_
4591,arnold-j\deleted_items\518_
4613,arnold-j\deleted_items\539_
4617,arnold-j\deleted_items\542_
4647,arnold-j\deleted_items\56_
4712,arnold-j\deleted_items\661_
4753,arnold-j\deleted_items\699_
4754,arnold-j\deleted_items\69_
4757,arnold-j\deleted_items\701_
4758,arnold-j\deleted_items\702_
4802,arnold-j\deleted_items\742_
4808,arnold-j\deleted_items\748_
4809,arnold-j\deleted_items\749_
4811,arnold-j\deleted_items\750_
4845,arnold-j\deleted_items\83_
4919,arnold-j\discussion_threads\14_
4954,arnold-j\discussion_threads\181_
5005,arnold-j\discussion_threads\353_
5088,arnold-j\discussion_threads\428_
5099,arnold-j\discussion_threads\438_
5157,arnold-j\discussion_threads\490_
5158,arnold-j\discussion_threads\491_
5176,arnold-j\discussion_threads\507_
5188,arnold-j\discussion_threads\518_
5189,arnold-j\discussion_threads\519_
5202,arnold-j\discussion_threads\530_
5213,arnold-j\discussion_threads\540_
5233,arnold-j\discussion_threads\70_
5268,arnold-j\ebs\3_
5271,arnold-j\etol\1_
5283,arnold-j\hp\12_
5325,arnold-j\inbox\160_
5327,arnold-j\inbox\162_
5334,arnold-j\inbox\169_
5369,arnold-j\inbox\39_
5386,arnold-j\inbox\54_
5390,arnold-j\inbox\58_
5482,arnold-j\notes_inbox\45_
5494,arnold-j\notes_inbox\56_
5506,arnold-j\notes_inbox\67_
5507,arnold-j\notes_inbox\68_
5514,arnold-j\notes_inbox\74_
5522,arnold-j\notes_inbox\81_
5570,arnold-j\sent\11_
5637,arnold-j\sent\180_
5662,arnold-j\sent\202_
5713,arnold-j\sent\249_
5731,arnold-j\sent\265_
5770,arnold-j\sent\2_
5772,arnold-j\sent\301_
5789,arnold-j\sent\317_
5793,arnold-j\sent\320_
5842,arnold-j\sent\365_
5869,arnold-j\sent\38_
5963,arnold-j\sent\476_
6006,arnold-j\sent\514_
6008,arnold-j\sent\516_
6070,arnold-j\sent\573_
6114,arnold-j\sent\612_
6125,arnold-j\sent\622_
6130,arnold-j\sent\627_
6138,arnold-j\sent\634_
6148,arnold-j\sent\643_
6151,arnold-j\sent\646_
6153,arnold-j\sent\648_
6236,arnold-j\sent\722_
6300,arnold-j\sent\780_
6326,arnold-j\sent\803_
6327,arnold-j\sent\804_
6398,arnold-j\sent_items\134_
6430,arnold-j\sent_items\163_
6431,arnold-j\sent_items\164_
6462,arnold-j\sent_items\192_
6536,arnold-j\sent_items\25_
6553,arnold-j\sent_items\278_
6559,arnold-j\sent_items\283_
6563,arnold-j\sent_items\287_
6634,arnold-j\sent_items\351_
6639,arnold-j\sent_items\356_
6640,arnold-j\sent_items\357_
6645,arnold-j\sent_items\361_
6657,arnold-j\sent_items\372_
6658,arnold-j\sent_items\373_
6730,arnold-j\sent_items\439_
6841,arnold-j\sent_items\539_
6844,arnold-j\sent_items\541_
6892,arnold-j\sent_items\586_
6960,arnold-j\sent_items\707_
6987,arnold-j\sent_items\731_
7013,arnold-j\sent_items\755_
7066,arnold-j\sent_items\84_
7207,arnold-j\_sent_mail\178_
7233,arnold-j\_sent_mail\200_
7284,arnold-j\_sent_mail\247_
7302,arnold-j\_sent_mail\263_
7341,arnold-j\_sent_mail\299_
7360,arnold-j\_sent_mail\315_
7363,arnold-j\_sent_mail\318_
7413,arnold-j\_sent_mail\363_
7420,arnold-j\_sent_mail\36_
7534,arnold-j\_sent_mail\472_
7577,arnold-j\_sent_mail\510_
7579,arnold-j\_sent_mail\512_
7640,arnold-j\_sent_mail\569_
7684,arnold-j\_sent_mail\608_
7695,arnold-j\_sent_mail\618_
7701,arnold-j\_sent_mail\623_
7709,arnold-j\_sent_mail\630_
7718,arnold-j\_sent_mail\639_
7722,arnold-j\_sent_mail\642_
7724,arnold-j\_sent_mail\644_
7806,arnold-j\_sent_mail\718_
7870,arnold-j\_sent_mail\776_
7895,arnold-j\_sent_mail\799_
7898,arnold-j\_sent_mail\800_
7931,arnold-j\_sent_mail\9_
7986,arora-h\all_documents\5_
8009,arora-h\deleted_items\111_
8050,arora-h\deleted_items\14_
8063,arora-h\deleted_items\162_
8068,arora-h\deleted_items\167_
8080,arora-h\deleted_items\178_
8089,arora-h\deleted_items\187_
8126,arora-h\deleted_items\37_
8133,arora-h\deleted_items\43_
8153,arora-h\deleted_items\61_
8167,arora-h\deleted_items\74_
8168,arora-h\deleted_items\75_
8246,arora-h\discussion_threads\5_
8318,arora-h\inbox\saved_mail\5_
8320,arora-h\inbox\saved_mail\61_
8344,arora-h\inbox\24_
8374,arora-h\inbox\63_
8382,arora-h\inbox\70_
8385,arora-h\inbox\74_
8405,arora-h\inbox\92_
8445,arora-h\savedmail\43_
8495,arora-h\savedmail\89_
8523,arora-h\sent_items\24_
8557,arora-h\sent_items\55_
8601,badeer-r\all_documents\114_
8608,badeer-r\all_documents\120_
8620,badeer-r\all_documents\131_
8629,badeer-r\all_documents\13_
8755,badeer-r\all_documents\254_
8802,badeer-r\all_documents\297_
8803,badeer-r\all_documents\298_
8807,badeer-r\all_documents\300_
8808,badeer-r\all_documents\301_
8820,badeer-r\all_documents\41_
8825,badeer-r\all_documents\46_
8930,badeer-r\california\51_
8962,badeer-r\cal_articles\8_
9037,badeer-r\discussion_threads\149_
9050,badeer-r\discussion_threads\160_
9056,badeer-r\discussion_threads\166_
9129,badeer-r\discussion_threads\231_
9134,badeer-r\discussion_threads\236_
9164,badeer-r\discussion_threads\264_
9178,badeer-r\discussion_threads\277_
9179,badeer-r\discussion_threads\278_
9183,badeer-r\discussion_threads\2_
9194,badeer-r\discussion_threads\3_
9197,badeer-r\discussion_threads\42_
9262,badeer-r\dj_articles\2_
9265,badeer-r\dj_articles\5_
9299,badeer-r\notes_inbox\116_
9302,badeer-r\notes_inbox\13_
9332,badeer-r\notes_inbox\41_
9337,badeer-r\notes_inbox\46_
9400,badeer-r\press_releases\4_
9401,badeer-r\press_releases\5_
9458,badeer-r\_sent_mail\5_
9567,bailey-s\deleted_items\181_
9697,bailey-s\deleted_items\299_
9759,bailey-s\deleted_items\354_
9771,bailey-s\deleted_items\365_
9984,bass-e\all_documents\103_
