178,allen-p\all_documents\264_
179,allen-p\all_documents\265_
231,allen-p\all_documents\312_
343,allen-p\all_documents\414_
357,allen-p\all_documents\427_
372,allen-p\all_documents\440_
381,allen-p\all_documents\449_
461,allen-p\all_documents\520_
502,allen-p\all_documents\558_
630,allen-p\deleted_items\100_
664,allen-p\deleted_items\132_
708,allen-p\deleted_items\175_
726,allen-p\deleted_items\191_
770,allen-p\deleted_items\236_
802,allen-p\deleted_items\266_
816,allen-p\deleted_items\344_
863,allen-p\deleted_items\38_
1137,allen-p\discussion_threads\24_
1198,allen-p\discussion_threads\415_
1228,allen-p\discussion_threads\442_
1289,allen-p\discussion_threads\498_
1301,allen-p\discussion_threads\508_
1303,allen-p\discussion_threads\50_
1311,allen-p\discussion_threads\517_
1314,allen-p\discussion_threads\51_
1647,allen-p\sent\218_
1648,allen-p\sent\219_
1698,allen-p\sent\265_
1792,allen-p\sent\350_
1806,allen-p\sent\363_
1820,allen-p\sent\376_
1830,allen-p\sent\385_
1907,allen-p\sent\454_
1948,allen-p\sent\491_
2094,allen-p\sent_items\114_
2123,allen-p\sent_items\140_
2278,allen-p\sent_items\282_
2619,allen-p\_sent_mail\265_
2620,allen-p\_sent_mail\266_
2671,allen-p\_sent_mail\312_
2756,allen-p\_sent_mail\397_
2772,allen-p\_sent_mail\410_
2786,allen-p\_sent_mail\423_
2796,allen-p\_sent_mail\432_
2873,allen-p\_sent_mail\501_
2913,allen-p\_sent_mail\538_
3231,arnold-j\all_documents\225_
3287,arnold-j\all_documents\276_
3408,arnold-j\all_documents\385_
3456,arnold-j\all_documents\428_
3541,arnold-j\all_documents\504_
3626,arnold-j\all_documents\581_
3634,arnold-j\all_documents\589_
3650,arnold-j\all_documents\602_
3654,arnold-j\all_documents\606_
3787,arnold-j\all_documents\72_
3871,arnold-j\all_documents\807_
3914,arnold-j\all_documents\846_
3961,arnold-j\all_documents\889_
4125,arnold-j\computer_associates\1_
4148,arnold-j\deleted_items\107_
4164,arnold-j\deleted_items\121_
4179,arnold-j\deleted_items\135_
4193,arnold-j\deleted_items\148_
4225,arnold-j\deleted_items\177_
4227,arnold-j\deleted_items\179_
4248,arnold-j\deleted_items\198_
4255,arnold-j\deleted_items\203_
4282,arnold-j\deleted_items\229_
4311,arnold-j\deleted_items\256_
4339,arnold-j\deleted_items\281_
4342,arnold-j\deleted_items\284_
4343,arnold-j\deleted_items\285_
4383,arnold-j\deleted_items\323_
4386,arnold-j\deleted_items\326_
4396,arnold-j\deleted_items\335_
4401,arnold-j\deleted_items\33_
4423,arnold-j\deleted_items\35_
4439,arnold-j\deleted_items\374_
4440,arnold-j\deleted_items\375_
4463,arnold-j\deleted_items\397_
4470,arnold-j\deleted_items\402_
4474,arnold-j\deleted_items\406_
4509,arnold-j\deleted_items\439_
4516,arnold-j\deleted_items\445_
4530,arnold-j\deleted_items\458_
4537,arnold-j\deleted_items\464_
4541,arnold-j\deleted_items\468_
4545,arnold-j\deleted_items\471_
4548,arnold-j\deleted_items\474_
4556,arnold-j\deleted_items\482_
4558,arnold-j\deleted_items\484_
4590,arnold-j\deleted_items\517_
4591,arnold-j\deleted_items\518_
4617,arnold-j\deleted_items\542_
4647,arnold-j\deleted_items\56_
4712,arnold-j\deleted_items\661_
4754,arnold-j\deleted_items\69_
4757,arnold-j\deleted_items\701_
4758,arnold-j\deleted_items\702_
4764,arnold-j\deleted_items\708_
4790,arnold-j\deleted_items\731_
4808,arnold-j\deleted_items\748_
4809,arnold-j\deleted_items\749_
4811,arnold-j\deleted_items\750_
4845,arnold-j\deleted_items\83_
4926,arnold-j\discussion_threads\156_
5088,arnold-j\discussion_threads\428_
5099,arnold-j\discussion_threads\438_
5188,arnold-j\discussion_threads\518_
5193,arnold-j\discussion_threads\522_
5205,arnold-j\discussion_threads\533_
5213,arnold-j\discussion_threads\540_
5245,arnold-j\discussion_threads\81_
5334,arnold-j\inbox\169_
5369,arnold-j\inbox\39_
5383,arnold-j\inbox\51_
5386,arnold-j\inbox\54_
5390,arnold-j\inbox\58_
5391,arnold-j\inbox\59_
5479,arnold-j\notes_inbox\42_
5482,arnold-j\notes_inbox\45_
5491,arnold-j\notes_inbox\53_
5503,arnold-j\notes_inbox\64_
5507,arnold-j\notes_inbox\68_
5662,arnold-j\sent\202_
5709,arnold-j\sent\245_
5793,arnold-j\sent\320_
6070,arnold-j\sent\573_
6114,arnold-j\sent\612_
6161,arnold-j\sent\655_
6352,arnold-j\sent\93_
6430,arnold-j\sent_items\163_
6522,arnold-j\sent_items\246_
6759,arnold-j\sent_items\465_
6892,arnold-j\sent_items\586_
7013,arnold-j\sent_items\755_
7233,arnold-j\_sent_mail\200_
7280,arnold-j\_sent_mail\243_
7363,arnold-j\_sent_mail\318_
7640,arnold-j\_sent_mail\569_
7684,arnold-j\_sent_mail\608_
7732,arnold-j\_sent_mail\651_
7921,arnold-j\_sent_mail\91_
7950,arora-h\all_documents\27_
7988,arora-h\all_documents\61_
8016,arora-h\deleted_items\119_
8039,arora-h\deleted_items\13_
8064,arora-h\deleted_items\163_
8068,arora-h\deleted_items\167_
8167,arora-h\deleted_items\74_
8191,arora-h\deleted_items\98_
8210,arora-h\discussion_threads\25_
8241,arora-h\discussion_threads\53_
8293,arora-h\inbox\saved_mail\37_
8374,arora-h\inbox\63_
8379,arora-h\inbox\68_
8424,arora-h\savedmail\24_
8455,arora-h\savedmail\52_
8463,arora-h\savedmail\5_
8480,arora-h\savedmail\75_
8481,arora-h\savedmail\76_
8545,arora-h\sent_items\44_
8552,arora-h\sent_items\50_
8655,badeer-r\all_documents\163_
8696,badeer-r\all_documents\1_
8739,badeer-r\all_documents\23_
8799,badeer-r\all_documents\294_
8801,badeer-r\all_documents\296_
8804,badeer-r\all_documents\299_
8817,badeer-r\all_documents\39_
8819,badeer-r\all_documents\40_
8864,badeer-r\all_documents\81_
9007,badeer-r\discussion_threads\121_
9089,badeer-r\discussion_threads\196_
9094,badeer-r\discussion_threads\1_
9135,badeer-r\discussion_threads\237_
9136,badeer-r\discussion_threads\238_
9153,badeer-r\discussion_threads\254_
9177,badeer-r\discussion_threads\276_
9205,badeer-r\discussion_threads\4_
9227,badeer-r\discussion_threads\6_
9272,badeer-r\memo_s\1_
9287,badeer-r\notes_inbox\105_
9309,badeer-r\notes_inbox\1_
9313,badeer-r\notes_inbox\23_
9329,badeer-r\notes_inbox\39_
9331,badeer-r\notes_inbox\40_
9397,badeer-r\press_releases\1_
9399,badeer-r\press_releases\3_
9402,badeer-r\press_releases\6_
9682,bailey-s\deleted_items\285_
9689,bailey-s\deleted_items\291_
9698,bailey-s\deleted_items\29_
