277,allen-p\all_documents\355_
312,allen-p\all_documents\387_
597,allen-p\all_documents\77_
661,allen-p\deleted_items\12_
731,allen-p\deleted_items\197_
749,allen-p\deleted_items\212_
777,allen-p\deleted_items\242_
1072,allen-p\discussion_threads\174_
1324,allen-p\discussion_threads\529_
1350,allen-p\discussion_threads\552_
1504,allen-p\notes_inbox\44_
1763,allen-p\sent\324_
1802,allen-p\sent\35_
2381,allen-p\sent_items\61_
2624,allen-p\_sent_mail\26_
2732,allen-p\_sent_mail\371_
3014,allen-p\_sent_mail\82_
3161,arnold-j\all_documents\162_
3224,arnold-j\all_documents\219_
3296,arnold-j\all_documents\284_
3626,arnold-j\all_documents\581_
3638,arnold-j\all_documents\592_
3653,arnold-j\all_documents\605_
3654,arnold-j\all_documents\606_
3835,arnold-j\all_documents\774_
3858,arnold-j\all_documents\796_
3871,arnold-j\all_documents\807_
3873,arnold-j\all_documents\809_
3883,arnold-j\all_documents\818_
3930,arnold-j\all_documents\860_
4148,arnold-j\deleted_items\107_
4179,arnold-j\deleted_items\135_
4193,arnold-j\deleted_items\148_
4227,arnold-j\deleted_items\179_
4248,arnold-j\deleted_items\198_
4260,arnold-j\deleted_items\208_
4282,arnold-j\deleted_items\229_
4283,arnold-j\deleted_items\22_
4296,arnold-j\deleted_items\242_
4310,arnold-j\deleted_items\255_
4311,arnold-j\deleted_items\256_
4322,arnold-j\deleted_items\266_
4339,arnold-j\deleted_items\281_
4343,arnold-j\deleted_items\285_
4344,arnold-j\deleted_items\286_
4383,arnold-j\deleted_items\323_
4394,arnold-j\deleted_items\333_
4396,arnold-j\deleted_items\335_
4401,arnold-j\deleted_items\33_
4423,arnold-j\deleted_items\35_
4439,arnold-j\deleted_items\374_
4463,arnold-j\deleted_items\397_
4474,arnold-j\deleted_items\406_
4501,arnold-j\deleted_items\431_
4509,arnold-j\deleted_items\439_
4516,arnold-j\deleted_items\445_
4539,arnold-j\deleted_items\466_
4540,arnold-j\deleted_items\467_
4541,arnold-j\deleted_items\468_
4545,arnold-j\deleted_items\471_
4556,arnold-j\deleted_items\482_
4558,arnold-j\deleted_items\484_
4590,arnold-j\deleted_items\517_
4591,arnold-j\deleted_items\518_
4617,arnold-j\deleted_items\542_
4633,arnold-j\deleted_items\557_
4643,arnold-j\deleted_items\566_
4647,arnold-j\deleted_items\56_
4712,arnold-j\deleted_items\661_
4754,arnold-j\deleted_items\69_
4757,arnold-j\deleted_items\701_
4758,arnold-j\deleted_items\702_
4764,arnold-j\deleted_items\708_
4808,arnold-j\deleted_items\748_
4809,arnold-j\deleted_items\749_
4811,arnold-j\deleted_items\750_
4845,arnold-j\deleted_items\83_
4904,arnold-j\discussion_threads\136_
4932,arnold-j\discussion_threads\161_
4969,arnold-j\discussion_threads\195_
5083,arnold-j\discussion_threads\423_
5098,arnold-j\discussion_threads\437_
5099,arnold-j\discussion_threads\438_
5111,arnold-j\discussion_threads\449_
5188,arnold-j\discussion_threads\518_
5189,arnold-j\discussion_threads\519_
5202,arnold-j\discussion_threads\530_
5213,arnold-j\discussion_threads\540_
5334,arnold-j\inbox\169_
5369,arnold-j\inbox\39_
5371,arnold-j\inbox\40_
5386,arnold-j\inbox\54_
5390,arnold-j\inbox\58_
5419,arnold-j\inbox\84_
5447,arnold-j\notes_inbox\13_
5473,arnold-j\notes_inbox\37_
5482,arnold-j\notes_inbox\45_
5494,arnold-j\notes_inbox\56_
5506,arnold-j\notes_inbox\67_
5507,arnold-j\notes_inbox\68_
5546,arnold-j\sent\101_
6035,arnold-j\sent\541_
6058,arnold-j\sent\562_
6070,arnold-j\sent\573_
6072,arnold-j\sent\575_
6082,arnold-j\sent\584_
6129,arnold-j\sent\626_
6398,arnold-j\sent_items\134_
6405,arnold-j\sent_items\140_
6430,arnold-j\sent_items\163_
6659,arnold-j\sent_items\374_
6892,arnold-j\sent_items\586_
7013,arnold-j\sent_items\755_
7605,arnold-j\_sent_mail\537_
7628,arnold-j\_sent_mail\558_
7640,arnold-j\_sent_mail\569_
7643,arnold-j\_sent_mail\571_
7653,arnold-j\_sent_mail\580_
7700,arnold-j\_sent_mail\622_
7930,arnold-j\_sent_mail\99_
8033,arora-h\deleted_items\134_
8168,arora-h\deleted_items\75_
8263,arora-h\inbox\saved_mail\11_
8293,arora-h\inbox\saved_mail\37_
8344,arora-h\inbox\24_
8371,arora-h\inbox\5_
8535,arora-h\sent_items\35_
8601,badeer-r\all_documents\114_
8608,badeer-r\all_documents\120_
8621,badeer-r\all_documents\132_
8634,badeer-r\all_documents\144_
8635,badeer-r\all_documents\145_
8636,badeer-r\all_documents\146_
8642,badeer-r\all_documents\151_
8645,badeer-r\all_documents\154_
8655,badeer-r\all_documents\163_
8668,badeer-r\all_documents\175_
8724,badeer-r\all_documents\226_
8774,badeer-r\all_documents\271_
8798,badeer-r\all_documents\293_
8801,badeer-r\all_documents\296_
8804,badeer-r\all_documents\299_
8808,badeer-r\all_documents\301_
8817,badeer-r\all_documents\39_
8828,badeer-r\all_documents\49_
8836,badeer-r\all_documents\56_
8860,badeer-r\all_documents\78_
8864,badeer-r\all_documents\81_
8896,badeer-r\california\20_
8957,badeer-r\cal_articles\3_
8960,badeer-r\cal_articles\6_
8962,badeer-r\cal_articles\8_
8993,badeer-r\discussion_threads\109_
9007,badeer-r\discussion_threads\121_
9017,badeer-r\discussion_threads\130_
9019,badeer-r\discussion_threads\132_
9024,badeer-r\discussion_threads\137_
9025,badeer-r\discussion_threads\138_
9036,badeer-r\discussion_threads\148_
9050,badeer-r\discussion_threads\160_
9056,badeer-r\discussion_threads\166_
9089,badeer-r\discussion_threads\196_
9092,badeer-r\discussion_threads\199_
9094,badeer-r\discussion_threads\1_
9118,badeer-r\discussion_threads\221_
9125,badeer-r\discussion_threads\228_
9136,badeer-r\discussion_threads\238_
9178,badeer-r\discussion_threads\277_
9180,badeer-r\discussion_threads\27_
9205,badeer-r\discussion_threads\4_
9224,badeer-r\discussion_threads\67_
9238,badeer-r\discussion_threads\7_
9261,badeer-r\dj_articles\1_
9262,badeer-r\dj_articles\2_
9267,badeer-r\dj_articles\7_
9271,badeer-r\memo_s\10_
9272,badeer-r\memo_s\1_
9275,badeer-r\memo_s\4_
9276,badeer-r\memo_s\5_
9277,badeer-r\memo_s\6_
9278,badeer-r\memo_s\7_
9287,badeer-r\notes_inbox\105_
9329,badeer-r\notes_inbox\39_
9340,badeer-r\notes_inbox\49_
9348,badeer-r\notes_inbox\56_
9399,badeer-r\press_releases\3_
9402,badeer-r\press_releases\6_
9455,badeer-r\_sent_mail\51_
9458,badeer-r\_sent_mail\5_
9876,bailey-s\deleted_items\67_
9913,bailey-s\inbox\1_
