19,allen-p\all_documents\118_
136,allen-p\all_documents\225_
143,allen-p\all_documents\232_
206,allen-p\all_documents\28_
312,allen-p\all_documents\387_
377,allen-p\all_documents\445_
435,allen-p\all_documents\498_
447,allen-p\all_documents\508_
633,allen-p\deleted_items\103_
746,allen-p\deleted_items\20_
795,allen-p\deleted_items\25_
804,allen-p\deleted_items\268_
815,allen-p\deleted_items\343_
827,allen-p\deleted_items\355_
836,allen-p\deleted_items\363_
851,allen-p\deleted_items\379_
968,allen-p\deleted_items\79_
1041,allen-p\discussion_threads\146_
1109,allen-p\discussion_threads\207_
1234,allen-p\discussion_threads\448_
1243,allen-p\discussion_threads\456_
1284,allen-p\discussion_threads\493_
1324,allen-p\discussion_threads\529_
1371,allen-p\discussion_threads\70_
1408,allen-p\inbox\15_
1438,allen-p\inbox\42_
1484,allen-p\notes_inbox\26_
1603,allen-p\sent\179_
1611,allen-p\sent\186_
1763,allen-p\sent\324_
1826,allen-p\sent\381_
1883,allen-p\sent\432_
1894,allen-p\sent\442_
2052,allen-p\sent\76_
2192,allen-p\sent_items\203_
2216,allen-p\sent_items\225_
2293,allen-p\sent_items\296_
2346,allen-p\sent_items\398_
2347,allen-p\sent_items\399_
2381,allen-p\sent_items\61_
2419,allen-p\sent_items\96_
2462,allen-p\_sent_mail\123_
2576,allen-p\_sent_mail\226_
2584,allen-p\_sent_mail\233_
2624,allen-p\_sent_mail\26_
2732,allen-p\_sent_mail\371_
2791,allen-p\_sent_mail\428_
2847,allen-p\_sent_mail\479_
2858,allen-p\_sent_mail\489_
3055,arnold-j\all_documents\1017_
3100,arnold-j\all_documents\112_
3102,arnold-j\all_documents\114_
3128,arnold-j\all_documents\136_
3132,arnold-j\all_documents\1399_
3216,arnold-j\all_documents\211_
3258,arnold-j\all_documents\24_
3295,arnold-j\all_documents\283_
3310,arnold-j\all_documents\297_
3312,arnold-j\all_documents\299_
3325,arnold-j\all_documents\30_
3336,arnold-j\all_documents\31_
3431,arnold-j\all_documents\405_
3650,arnold-j\all_documents\602_
3653,arnold-j\all_documents\605_
3654,arnold-j\all_documents\606_
3668,arnold-j\all_documents\619_
3674,arnold-j\all_documents\624_
3678,arnold-j\all_documents\628_
3850,arnold-j\all_documents\789_
3876,arnold-j\all_documents\811_
3881,arnold-j\all_documents\816_
3894,arnold-j\all_documents\828_
3914,arnold-j\all_documents\846_
3930,arnold-j\all_documents\860_
3938,arnold-j\all_documents\868_
3941,arnold-j\all_documents\870_
3948,arnold-j\all_documents\877_
3952,arnold-j\all_documents\880_
3961,arnold-j\all_documents\889_
3970,arnold-j\all_documents\897_
3981,arnold-j\all_documents\907_
4013,arnold-j\all_documents\936_
4074,arnold-j\all_documents\991_
4117,arnold-j\compaq\2_
4130,arnold-j\continental_airlines\2_
4131,arnold-j\continental_airlines\3_
4132,arnold-j\continental_airlines\4_
4209,arnold-j\deleted_items\162_
4231,arnold-j\deleted_items\182_
4246,arnold-j\deleted_items\196_
4248,arnold-j\deleted_items\198_
4260,arnold-j\deleted_items\208_
4289,arnold-j\deleted_items\235_
4295,arnold-j\deleted_items\241_
4297,arnold-j\deleted_items\243_
4348,arnold-j\deleted_items\290_
4386,arnold-j\deleted_items\326_
4412,arnold-j\deleted_items\34_
4418,arnold-j\deleted_items\355_
4425,arnold-j\deleted_items\361_
4465,arnold-j\deleted_items\399_
4509,arnold-j\deleted_items\439_
4558,arnold-j\deleted_items\484_
4561,arnold-j\deleted_items\48_
4571,arnold-j\deleted_items\4_
4615,arnold-j\deleted_items\540_
4643,arnold-j\deleted_items\566_
4646,arnold-j\deleted_items\569_
4712,arnold-j\deleted_items\661_
4720,arnold-j\deleted_items\669_
4735,arnold-j\deleted_items\682_
4737,arnold-j\deleted_items\684_
4754,arnold-j\deleted_items\69_
4757,arnold-j\deleted_items\701_
4758,arnold-j\deleted_items\702_
4782,arnold-j\deleted_items\724_
4798,arnold-j\deleted_items\739_
4802,arnold-j\deleted_items\742_
4811,arnold-j\deleted_items\750_
5083,arnold-j\discussion_threads\423_
5088,arnold-j\discussion_threads\428_
5096,arnold-j\discussion_threads\435_
5188,arnold-j\discussion_threads\518_
5189,arnold-j\discussion_threads\519_
5193,arnold-j\discussion_threads\522_
5358,arnold-j\inbox\29_
5369,arnold-j\inbox\39_
5373,arnold-j\inbox\42_
5386,arnold-j\inbox\54_
5503,arnold-j\notes_inbox\64_
5506,arnold-j\notes_inbox\67_
5507,arnold-j\notes_inbox\68_
5534,arnold-j\personal\4_
5545,arnold-j\sent\100_
5560,arnold-j\sent\114_
5563,arnold-j\sent\1161_
5566,arnold-j\sent\116_
5684,arnold-j\sent\222_
5858,arnold-j\sent\37_
5884,arnold-j\sent\402_
5889,arnold-j\sent\407_
5894,arnold-j\sent\411_
6050,arnold-j\sent\555_
6074,arnold-j\sent\577_
6080,arnold-j\sent\582_
6093,arnold-j\sent\594_
6114,arnold-j\sent\612_
6129,arnold-j\sent\626_
6138,arnold-j\sent\634_
6140,arnold-j\sent\636_
6148,arnold-j\sent\643_
6151,arnold-j\sent\646_
6161,arnold-j\sent\655_
6170,arnold-j\sent\663_
6180,arnold-j\sent\672_
6213,arnold-j\sent\701_
6273,arnold-j\sent\756_
6301,arnold-j\sent\781_
6371,arnold-j\sent_items\10_
6398,arnold-j\sent_items\134_
6408,arnold-j\sent_items\143_
6426,arnold-j\sent_items\15_
6470,arnold-j\sent_items\19_
6538,arnold-j\sent_items\264_
6540,arnold-j\sent_items\266_
6549,arnold-j\sent_items\274_
6567,arnold-j\sent_items\290_
6701,arnold-j\sent_items\411_
6766,arnold-j\sent_items\471_
6767,arnold-j\sent_items\472_
6777,arnold-j\sent_items\481_
6833,arnold-j\sent_items\531_
7013,arnold-j\sent_items\755_
7059,arnold-j\sent_items\797_
7117,arnold-j\weekly_report\1_
7131,arnold-j\_sent_mail\112_
7133,arnold-j\_sent_mail\114_
7135,arnold-j\_sent_mail\1157_
7255,arnold-j\_sent_mail\220_
7409,arnold-j\_sent_mail\35_
7455,arnold-j\_sent_mail\400_
7460,arnold-j\_sent_mail\405_
7464,arnold-j\_sent_mail\409_
7621,arnold-j\_sent_mail\551_
7645,arnold-j\_sent_mail\573_
7650,arnold-j\_sent_mail\578_
7664,arnold-j\_sent_mail\590_
7684,arnold-j\_sent_mail\608_
7700,arnold-j\_sent_mail\622_
7709,arnold-j\_sent_mail\630_
7711,arnold-j\_sent_mail\632_
7718,arnold-j\_sent_mail\639_
7722,arnold-j\_sent_mail\642_
7732,arnold-j\_sent_mail\651_
7740,arnold-j\_sent_mail\659_
7750,arnold-j\_sent_mail\668_
7782,arnold-j\_sent_mail\697_
7844,arnold-j\_sent_mail\752_
7871,arnold-j\_sent_mail\777_
7929,arnold-j\_sent_mail\98_
7957,arora-h\all_documents\33_
7966,arora-h\all_documents\41_
7979,arora-h\all_documents\53_
8020,arora-h\deleted_items\122_
8021,arora-h\deleted_items\123_
8037,arora-h\deleted_items\138_
8065,arora-h\deleted_items\164_
8080,arora-h\deleted_items\178_
8083,arora-h\deleted_items\180_
8089,arora-h\deleted_items\187_
8112,arora-h\deleted_items\25_
8134,arora-h\deleted_items\44_
8154,arora-h\deleted_items\62_
8174,arora-h\deleted_items\80_
8175,arora-h\deleted_items\81_
8217,arora-h\discussion_threads\31_
8225,arora-h\discussion_threads\39_
8264,arora-h\inbox\saved_mail\121_
8333,arora-h\inbox\14_
8377,arora-h\inbox\66_
8385,arora-h\inbox\74_
8405,arora-h\inbox\92_
8412,arora-h\savedmail\13_
8417,arora-h\savedmail\18_
8464,arora-h\savedmail\60_
8469,arora-h\savedmail\65_
8492,arora-h\savedmail\86_
8503,arora-h\sent\5_
8521,arora-h\sent_items\22_
8523,arora-h\sent_items\24_
8634,badeer-r\all_documents\144_
8645,badeer-r\all_documents\154_
8727,badeer-r\all_documents\229_
8729,badeer-r\all_documents\230_
8772,badeer-r\all_documents\26_
8788,badeer-r\all_documents\284_
8801,badeer-r\all_documents\296_
8807,badeer-r\all_documents\300_
8808,badeer-r\all_documents\301_
8878,badeer-r\all_documents\94_
8945,badeer-r\california\65_
8957,badeer-r\cal_articles\3_
8962,badeer-r\cal_articles\8_
8982,badeer-r\deleted_items\8_
9017,badeer-r\discussion_threads\130_
9025,badeer-r\discussion_threads\138_
9060,badeer-r\discussion_threads\16_
9075,badeer-r\discussion_threads\183_
9150,badeer-r\discussion_threads\251_
9178,badeer-r\discussion_threads\277_
9179,badeer-r\discussion_threads\278_
9205,badeer-r\discussion_threads\4_
9221,badeer-r\discussion_threads\64_
9222,badeer-r\discussion_threads\65_
9267,badeer-r\dj_articles\7_
9299,badeer-r\notes_inbox\116_
9316,badeer-r\notes_inbox\26_
9384,badeer-r\notes_inbox\89_
9399,badeer-r\press_releases\3_
9436,badeer-r\_sent_mail\34_
9437,badeer-r\_sent_mail\35_
9567,bailey-s\deleted_items\181_
9626,bailey-s\deleted_items\234_
9679,bailey-s\deleted_items\282_
9680,bailey-s\deleted_items\283_
9682,bailey-s\deleted_items\285_
9689,bailey-s\deleted_items\291_
9710,bailey-s\deleted_items\30_
9885,bailey-s\deleted_items\75_
9942,bass-e\all_documents\1001_
9962,bass-e\all_documents\101_
9984,bass-e\all_documents\103_
