67,allen-p\all_documents\163_
88,allen-p\all_documents\182_
107,allen-p\all_documents\19_
113,allen-p\all_documents\204_
143,allen-p\all_documents\232_
145,allen-p\all_documents\234_
208,allen-p\all_documents\291_
234,allen-p\all_documents\315_
235,allen-p\all_documents\316_
284,allen-p\all_documents\361_
300,allen-p\all_documents\376_
301,allen-p\all_documents\377_
359,allen-p\all_documents\429_
383,allen-p\all_documents\450_
436,allen-p\all_documents\499_
445,allen-p\all_documents\506_
449,allen-p\all_documents\50_
469,allen-p\all_documents\528_
506,allen-p\all_documents\561_
516,allen-p\all_documents\570_
532,allen-p\all_documents\585_
552,allen-p\all_documents\603_
553,allen-p\all_documents\604_
585,allen-p\all_documents\69_
630,allen-p\deleted_items\100_
634,allen-p\deleted_items\104_
641,allen-p\deleted_items\110_
653,allen-p\deleted_items\122_
665,allen-p\deleted_items\133_
677,allen-p\deleted_items\145_
702,allen-p\deleted_items\169_
722,allen-p\deleted_items\188_
737,allen-p\deleted_items\201_
738,allen-p\deleted_items\202_
749,allen-p\deleted_items\212_
777,allen-p\deleted_items\242_
795,allen-p\deleted_items\25_
806,allen-p\deleted_items\28_
812,allen-p\deleted_items\340_
822,allen-p\deleted_items\350_
823,allen-p\deleted_items\351_
848,allen-p\deleted_items\375_
849,allen-p\deleted_items\376_
865,allen-p\deleted_items\391_
866,allen-p\deleted_items\392_
870,allen-p\deleted_items\396_
872,allen-p\deleted_items\398_
879,allen-p\deleted_items\404_
897,allen-p\deleted_items\420_
916,allen-p\deleted_items\439_
917,allen-p\deleted_items\43_
942,allen-p\deleted_items\52_
964,allen-p\deleted_items\74_
987,allen-p\deleted_items\96_
991,allen-p\discussion_threads\100_
1003,allen-p\discussion_threads\111_
1076,allen-p\discussion_threads\178_
1090,allen-p\discussion_threads\190_
1119,allen-p\discussion_threads\217_
1131,allen-p\discussion_threads\22_
1136,allen-p\discussion_threads\23_
1164,allen-p\discussion_threads\384_
1165,allen-p\discussion_threads\385_
1175,allen-p\discussion_threads\395_
1189,allen-p\discussion_threads\407_
1195,allen-p\discussion_threads\412_
1221,allen-p\discussion_threads\436_
1237,allen-p\discussion_threads\450_
1242,allen-p\discussion_threads\455_
1281,allen-p\discussion_threads\490_
1300,allen-p\discussion_threads\507_
1329,allen-p\discussion_threads\533_
1330,allen-p\discussion_threads\534_
1369,allen-p\discussion_threads\69_
1371,allen-p\discussion_threads\70_
1388,allen-p\discussion_threads\86_
1403,allen-p\inbox\10_
1406,allen-p\inbox\13_
1408,allen-p\inbox\15_
1435,allen-p\inbox\3_
1452,allen-p\inbox\6_
1476,allen-p\notes_inbox\19_
1500,allen-p\notes_inbox\40_
1539,allen-p\sent\120_
1559,allen-p\sent\139_
1580,allen-p\sent\158_
1611,allen-p\sent\186_
1613,allen-p\sent\188_
1677,allen-p\sent\245_
1714,allen-p\sent\27_
1737,allen-p\sent\300_
1751,allen-p\sent\313_
1752,allen-p\sent\314_
1808,allen-p\sent\365_
1831,allen-p\sent\386_
1884,allen-p\sent\433_
1892,allen-p\sent\440_
1916,allen-p\sent\462_
1950,allen-p\sent\493_
1961,allen-p\sent\502_
1977,allen-p\sent\517_
1996,allen-p\sent\535_
1997,allen-p\sent\536_
2079,allen-p\sent_items\100_
2094,allen-p\sent_items\114_
2096,allen-p\sent_items\116_
2099,allen-p\sent_items\119_
2107,allen-p\sent_items\126_
2110,allen-p\sent_items\129_
2116,allen-p\sent_items\134_
2185,allen-p\sent_items\198_
2191,allen-p\sent_items\202_
2192,allen-p\sent_items\203_
2221,allen-p\sent_items\22_
2232,allen-p\sent_items\23_
2239,allen-p\sent_items\246_
2241,allen-p\sent_items\248_
2248,allen-p\sent_items\254_
2288,allen-p\sent_items\291_
2296,allen-p\sent_items\2_
2313,allen-p\sent_items\368_
2317,allen-p\sent_items\371_
2326,allen-p\sent_items\37_
2369,allen-p\sent_items\50_
2370,allen-p\sent_items\51_
2425,allen-p\straw\2_
2426,allen-p\straw\3_
2502,allen-p\_sent_mail\15_
2510,allen-p\_sent_mail\167_
2513,allen-p\_sent_mail\16_
2531,allen-p\_sent_mail\186_
2553,allen-p\_sent_mail\205_
2584,allen-p\_sent_mail\233_
2586,allen-p\_sent_mail\235_
2649,allen-p\_sent_mail\292_
2657,allen-p\_sent_mail\2_
2708,allen-p\_sent_mail\347_
2722,allen-p\_sent_mail\360_
2723,allen-p\_sent_mail\361_
2774,allen-p\_sent_mail\412_
2797,allen-p\_sent_mail\433_
2849,allen-p\_sent_mail\480_
2856,allen-p\_sent_mail\487_
2881,allen-p\_sent_mail\509_
2916,allen-p\_sent_mail\540_
2925,allen-p\_sent_mail\549_
2942,allen-p\_sent_mail\564_
2961,allen-p\_sent_mail\582_
2962,allen-p\_sent_mail\583_
3004,allen-p\_sent_mail\74_
3057,arnold-j\all_documents\1019_
3079,arnold-j\all_documents\1039_
3080,arnold-j\all_documents\103_
3081,arnold-j\all_documents\1040_
3084,arnold-j\all_documents\1043_
3086,arnold-j\all_documents\1045_
3100,arnold-j\all_documents\112_
3103,arnold-j\all_documents\1157_
3111,arnold-j\all_documents\120_
3125,arnold-j\all_documents\133_
3128,arnold-j\all_documents\136_
3129,arnold-j\all_documents\137_
3141,arnold-j\all_documents\144_
3142,arnold-j\all_documents\145_
3159,arnold-j\all_documents\160_
3194,arnold-j\all_documents\192_
3274,arnold-j\all_documents\264_
3306,arnold-j\all_documents\293_
3321,arnold-j\all_documents\306_
3338,arnold-j\all_documents\321_
3354,arnold-j\all_documents\336_
3385,arnold-j\all_documents\364_
3390,arnold-j\all_documents\369_
3405,arnold-j\all_documents\382_
3406,arnold-j\all_documents\383_
3412,arnold-j\all_documents\389_
3414,arnold-j\all_documents\390_
3454,arnold-j\all_documents\426_
3457,arnold-j\all_documents\429_
3487,arnold-j\all_documents\456_
3490,arnold-j\all_documents\459_
3494,arnold-j\all_documents\462_
3509,arnold-j\all_documents\476_
3510,arnold-j\all_documents\477_
3583,arnold-j\all_documents\542_
3627,arnold-j\all_documents\582_
3638,arnold-j\all_documents\592_
3654,arnold-j\all_documents\606_
3688,arnold-j\all_documents\638_
3700,arnold-j\all_documents\649_
3711,arnold-j\all_documents\65_
3726,arnold-j\all_documents\673_
3786,arnold-j\all_documents\729_
3835,arnold-j\all_documents\774_
3858,arnold-j\all_documents\796_
3873,arnold-j\all_documents\809_
3883,arnold-j\all_documents\818_
3887,arnold-j\all_documents\821_
3930,arnold-j\all_documents\860_
3979,arnold-j\all_documents\905_
4116,arnold-j\compaq\1_
4117,arnold-j\compaq\2_
4118,arnold-j\compaq\3_
4120,arnold-j\compaq\5_
4137,arnold-j\continental_airlines\9_
4150,arnold-j\deleted_items\109_
4152,arnold-j\deleted_items\110_
4170,arnold-j\deleted_items\127_
4172,arnold-j\deleted_items\129_
4215,arnold-j\deleted_items\168_
4221,arnold-j\deleted_items\173_
4227,arnold-j\deleted_items\179_
4229,arnold-j\deleted_items\180_
4257,arnold-j\deleted_items\205_
4259,arnold-j\deleted_items\207_
4260,arnold-j\deleted_items\208_
4311,arnold-j\deleted_items\256_
4344,arnold-j\deleted_items\286_
4356,arnold-j\deleted_items\298_
4369,arnold-j\deleted_items\30_
4394,arnold-j\deleted_items\333_
4403,arnold-j\deleted_items\341_
4422,arnold-j\deleted_items\359_
4435,arnold-j\deleted_items\370_
4463,arnold-j\deleted_items\397_
4509,arnold-j\deleted_items\439_
4516,arnold-j\deleted_items\445_
4541,arnold-j\deleted_items\468_
4556,arnold-j\deleted_items\482_
4558,arnold-j\deleted_items\484_
4561,arnold-j\deleted_items\48_
4590,arnold-j\deleted_items\517_
4591,arnold-j\deleted_items\518_
4617,arnold-j\deleted_items\542_
4630,arnold-j\deleted_items\554_
4646,arnold-j\deleted_items\569_
4665,arnold-j\deleted_items\60_
4672,arnold-j\deleted_items\623_
4707,arnold-j\deleted_items\657_
4712,arnold-j\deleted_items\661_
4752,arnold-j\deleted_items\698_
4754,arnold-j\deleted_items\69_
4757,arnold-j\deleted_items\701_
4758,arnold-j\deleted_items\702_
4764,arnold-j\deleted_items\708_
4798,arnold-j\deleted_items\739_
4809,arnold-j\deleted_items\749_
4811,arnold-j\deleted_items\750_
4836,arnold-j\deleted_items\773_
4860,arnold-j\deleted_items\97_
4862,arnold-j\deleted_items\99_
4870,arnold-j\discussion_threads\105_
4874,arnold-j\discussion_threads\109_
4889,arnold-j\discussion_threads\122_
4902,arnold-j\discussion_threads\134_
4971,arnold-j\discussion_threads\197_
4984,arnold-j\discussion_threads\20_
4998,arnold-j\discussion_threads\320_
5003,arnold-j\discussion_threads\351_
5005,arnold-j\discussion_threads\353_
5083,arnold-j\discussion_threads\423_
5098,arnold-j\discussion_threads\437_
5111,arnold-j\discussion_threads\449_
5158,arnold-j\discussion_threads\491_
5169,arnold-j\discussion_threads\500_
5170,arnold-j\discussion_threads\501_
5176,arnold-j\discussion_threads\507_
5188,arnold-j\discussion_threads\518_
5201,arnold-j\discussion_threads\52_
5202,arnold-j\discussion_threads\530_
5211,arnold-j\discussion_threads\539_
5226,arnold-j\discussion_threads\64_
5263,arnold-j\discussion_threads\98_
5264,arnold-j\discussion_threads\99_
5306,arnold-j\inbox\143_
5307,arnold-j\inbox\144_
5321,arnold-j\inbox\157_
5324,arnold-j\inbox\15_
5333,arnold-j\inbox\168_
5334,arnold-j\inbox\169_
5368,arnold-j\inbox\38_
5369,arnold-j\inbox\39_
5370,arnold-j\inbox\3_
5386,arnold-j\inbox\54_
5390,arnold-j\inbox\58_
5398,arnold-j\inbox\65_
5418,arnold-j\inbox\83_
5429,arnold-j\inbox\93_
5445,arnold-j\notes_inbox\11_
5483,arnold-j\notes_inbox\46_
5494,arnold-j\notes_inbox\56_
5507,arnold-j\notes_inbox\68_
5514,arnold-j\notes_inbox\74_
5534,arnold-j\personal\4_
5556,arnold-j\sent\110_
5574,arnold-j\sent\123_
5590,arnold-j\sent\138_
5607,arnold-j\sent\153_
5638,arnold-j\sent\181_
5643,arnold-j\sent\186_
5657,arnold-j\sent\199_
5659,arnold-j\sent\1_
5660,arnold-j\sent\200_
5666,arnold-j\sent\206_
5667,arnold-j\sent\207_
5707,arnold-j\sent\243_
5710,arnold-j\sent\246_
5736,arnold-j\sent\26_
5739,arnold-j\sent\272_
5742,arnold-j\sent\275_
5745,arnold-j\sent\278_
5761,arnold-j\sent\292_
5762,arnold-j\sent\293_
5770,arnold-j\sent\2_
5832,arnold-j\sent\356_
5911,arnold-j\sent\428_
5932,arnold-j\sent\448_
5985,arnold-j\sent\496_
6035,arnold-j\sent\541_
6058,arnold-j\sent\562_
6072,arnold-j\sent\575_
6082,arnold-j\sent\584_
6085,arnold-j\sent\587_
6129,arnold-j\sent\626_
6178,arnold-j\sent\670_
6303,arnold-j\sent\783_
6326,arnold-j\sent\803_
6327,arnold-j\sent\804_
6330,arnold-j\sent\807_
6332,arnold-j\sent\809_
6338,arnold-j\sent\81_
6350,arnold-j\sent\921_
6365,arnold-j\sent_items\104_
6403,arnold-j\sent_items\139_
6405,arnold-j\sent_items\140_
6444,arnold-j\sent_items\176_
6536,arnold-j\sent_items\25_
6567,arnold-j\sent_items\290_
6628,arnold-j\sent_items\346_
6654,arnold-j\sent_items\36_
6665,arnold-j\sent_items\37_
6685,arnold-j\sent_items\398_
6689,arnold-j\sent_items\400_
6713,arnold-j\sent_items\422_
6714,arnold-j\sent_items\423_
6724,arnold-j\sent_items\433_
6725,arnold-j\sent_items\434_
6801,arnold-j\sent_items\502_
6811,arnold-j\sent_items\511_
6830,arnold-j\sent_items\529_
6834,arnold-j\sent_items\532_
6841,arnold-j\sent_items\539_
6844,arnold-j\sent_items\541_
6874,arnold-j\sent_items\56_
6892,arnold-j\sent_items\586_
6961,arnold-j\sent_items\708_
6964,arnold-j\sent_items\710_
6968,arnold-j\sent_items\714_
7009,arnold-j\sent_items\751_
7013,arnold-j\sent_items\755_
7112,arnold-j\universal_studios\7_
7126,arnold-j\_sent_mail\108_
7145,arnold-j\_sent_mail\121_
7161,arnold-j\_sent_mail\136_
7178,arnold-j\_sent_mail\151_
7208,arnold-j\_sent_mail\179_
7214,arnold-j\_sent_mail\184_
7228,arnold-j\_sent_mail\197_
7229,arnold-j\_sent_mail\198_
7237,arnold-j\_sent_mail\204_
7238,arnold-j\_sent_mail\205_
7278,arnold-j\_sent_mail\241_
7281,arnold-j\_sent_mail\244_
7287,arnold-j\_sent_mail\24_
7310,arnold-j\_sent_mail\270_
7313,arnold-j\_sent_mail\273_
7316,arnold-j\_sent_mail\276_
7332,arnold-j\_sent_mail\290_
7333,arnold-j\_sent_mail\291_
7403,arnold-j\_sent_mail\354_
7482,arnold-j\_sent_mail\425_
7503,arnold-j\_sent_mail\444_
7556,arnold-j\_sent_mail\492_
7605,arnold-j\_sent_mail\537_
7628,arnold-j\_sent_mail\558_
7643,arnold-j\_sent_mail\571_
7653,arnold-j\_sent_mail\580_
7656,arnold-j\_sent_mail\583_
7700,arnold-j\_sent_mail\622_
7748,arnold-j\_sent_mail\666_
7873,arnold-j\_sent_mail\779_
7895,arnold-j\_sent_mail\799_
7896,arnold-j\_sent_mail\79_
7898,arnold-j\_sent_mail\800_
7901,arnold-j\_sent_mail\803_
7903,arnold-j\_sent_mail\805_
7920,arnold-j\_sent_mail\917_
7950,arora-h\all_documents\27_
8008,arora-h\deleted_items\110_
8024,arora-h\deleted_items\126_
8025,arora-h\deleted_items\127_
8043,arora-h\deleted_items\143_
8068,arora-h\deleted_items\167_
8112,arora-h\deleted_items\25_
8146,arora-h\deleted_items\55_
8153,arora-h\deleted_items\61_
8172,arora-h\deleted_items\79_
8175,arora-h\deleted_items\81_
8188,arora-h\deleted_items\95_
8210,arora-h\discussion_threads\25_
8264,arora-h\inbox\saved_mail\121_
8265,arora-h\inbox\saved_mail\125_
8309,arora-h\inbox\saved_mail\51_
8313,arora-h\inbox\saved_mail\55_
8348,arora-h\inbox\28_
8374,arora-h\inbox\63_
8424,arora-h\savedmail\24_
8521,arora-h\sent_items\22_
8526,arora-h\sent_items\27_
8527,arora-h\sent_items\28_
8531,arora-h\sent_items\31_
8533,arora-h\sent_items\33_
8538,arora-h\sent_items\38_
8539,arora-h\sent_items\39_
8548,arora-h\sent_items\47_
8552,arora-h\sent_items\50_
8568,arora-h\sent_items\65_
8599,badeer-r\all_documents\112_
8629,badeer-r\all_documents\13_
8634,badeer-r\all_documents\144_
8635,badeer-r\all_documents\145_
8647,badeer-r\all_documents\156_
8653,badeer-r\all_documents\161_
8655,badeer-r\all_documents\163_
8665,badeer-r\all_documents\172_
8673,badeer-r\all_documents\17_
8725,badeer-r\all_documents\227_
8730,badeer-r\all_documents\231_
8731,badeer-r\all_documents\232_
8755,badeer-r\all_documents\254_
8772,badeer-r\all_documents\26_
8791,badeer-r\all_documents\287_
8896,badeer-r\california\20_
8900,badeer-r\california\24_
8904,badeer-r\california\28_
8930,badeer-r\california\51_
8947,badeer-r\california\67_
8957,badeer-r\cal_articles\3_
8997,badeer-r\discussion_threads\112_
9007,badeer-r\discussion_threads\121_
9009,badeer-r\discussion_threads\123_
9014,badeer-r\discussion_threads\128_
9025,badeer-r\discussion_threads\138_
9027,badeer-r\discussion_threads\13_
9058,badeer-r\discussion_threads\168_
9150,badeer-r\discussion_threads\251_
9160,badeer-r\discussion_threads\260_
9164,badeer-r\discussion_threads\264_
9197,badeer-r\discussion_threads\42_
9219,badeer-r\discussion_threads\62_
9220,badeer-r\discussion_threads\63_
9223,badeer-r\discussion_threads\66_
9285,badeer-r\notes_inbox\103_
9287,badeer-r\notes_inbox\105_
9302,badeer-r\notes_inbox\13_
9306,badeer-r\notes_inbox\17_
9316,badeer-r\notes_inbox\26_
9393,badeer-r\notes_inbox\97_
9434,badeer-r\_sent_mail\32_
9438,badeer-r\_sent_mail\36_
9439,badeer-r\_sent_mail\37_
9478,bailey-s\all_documents\9_
9489,bailey-s\deleted_items\10_
9567,bailey-s\deleted_items\181_
9620,bailey-s\deleted_items\229_
9629,bailey-s\deleted_items\237_
9631,bailey-s\deleted_items\239_
9670,bailey-s\deleted_items\274_
9671,bailey-s\deleted_items\275_
9690,bailey-s\deleted_items\292_
9701,bailey-s\deleted_items\301_
9734,bailey-s\deleted_items\331_
9757,bailey-s\deleted_items\352_
9771,bailey-s\deleted_items\365_
9811,bailey-s\deleted_items\400_
9884,bailey-s\deleted_items\74_
9912,bailey-s\deleted_items\9_
9925,bailey-s\notes_inbox\8_
9946,bass-e\all_documents\1005_
9947,bass-e\all_documents\1006_
9948,bass-e\all_documents\1007_
9950,bass-e\all_documents\1009_
9985,bass-e\all_documents\1040_
9993,bass-e\all_documents\1048_
