45,allen-p\all_documents\143_
338,allen-p\all_documents\40_
351,allen-p\all_documents\421_
393,allen-p\all_documents\45_
441,allen-p\all_documents\502_
446,allen-p\all_documents\507_
490,allen-p\all_documents\547_
491,allen-p\all_documents\548_
638,allen-p\deleted_items\108_
688,allen-p\deleted_items\156_
709,allen-p\deleted_items\176_
715,allen-p\deleted_items\181_
760,allen-p\deleted_items\227_
761,allen-p\deleted_items\228_
801,allen-p\deleted_items\265_
827,allen-p\deleted_items\355_
837,allen-p\deleted_items\364_
847,allen-p\deleted_items\374_
853,allen-p\deleted_items\380_
892,allen-p\deleted_items\416_
900,allen-p\deleted_items\423_
901,allen-p\deleted_items\424_
903,allen-p\deleted_items\426_
913,allen-p\deleted_items\436_
923,allen-p\deleted_items\446_
929,allen-p\deleted_items\451_
933,allen-p\deleted_items\455_
936,allen-p\deleted_items\47_
955,allen-p\deleted_items\66_
965,allen-p\deleted_items\75_
977,allen-p\deleted_items\87_
1019,allen-p\discussion_threads\126_
1093,allen-p\discussion_threads\193_
1205,allen-p\discussion_threads\421_
1206,allen-p\discussion_threads\422_
1235,allen-p\discussion_threads\449_
1240,allen-p\discussion_threads\453_
1306,allen-p\discussion_threads\512_
1416,allen-p\inbox\22_
1423,allen-p\inbox\29_
1425,allen-p\inbox\30_
1426,allen-p\inbox\31_
1447,allen-p\inbox\65_
1448,allen-p\inbox\66_
1449,allen-p\inbox\67_
1450,allen-p\inbox\68_
1456,allen-p\inbox\73_
1460,allen-p\inbox\79_
1464,allen-p\inbox\85_
1496,allen-p\notes_inbox\37_
1518,allen-p\sent\101_
1799,allen-p\sent\357_
1887,allen-p\sent\436_
1893,allen-p\sent\441_
1936,allen-p\sent\480_
1937,allen-p\sent\481_
2039,allen-p\sent\6_
2102,allen-p\sent_items\121_
2110,allen-p\sent_items\129_
2177,allen-p\sent_items\190_
2186,allen-p\sent_items\199_
2224,allen-p\sent_items\232_
2228,allen-p\sent_items\236_
2235,allen-p\sent_items\242_
2249,allen-p\sent_items\255_
2253,allen-p\sent_items\259_
2274,allen-p\sent_items\278_
2287,allen-p\sent_items\290_
2293,allen-p\sent_items\296_
2301,allen-p\sent_items\304_
2303,allen-p\sent_items\306_
2311,allen-p\sent_items\34_
2314,allen-p\sent_items\369_
2322,allen-p\sent_items\376_
2324,allen-p\sent_items\378_
2330,allen-p\sent_items\383_
2341,allen-p\sent_items\393_
2342,allen-p\sent_items\394_
2346,allen-p\sent_items\398_
2347,allen-p\sent_items\399_
2355,allen-p\sent_items\407_
2489,allen-p\_sent_mail\148_
2765,allen-p\_sent_mail\404_
2852,allen-p\_sent_mail\483_
2857,allen-p\_sent_mail\488_
2901,allen-p\_sent_mail\527_
2902,allen-p\_sent_mail\528_
2915,allen-p\_sent_mail\53_
3057,arnold-j\all_documents\1019_
3111,arnold-j\all_documents\120_
3124,arnold-j\all_documents\132_
3293,arnold-j\all_documents\281_
3322,arnold-j\all_documents\307_
3417,arnold-j\all_documents\393_
3421,arnold-j\all_documents\397_
3492,arnold-j\all_documents\460_
3540,arnold-j\all_documents\503_
3575,arnold-j\all_documents\535_
3625,arnold-j\all_documents\580_
3631,arnold-j\all_documents\586_
3649,arnold-j\all_documents\601_
3688,arnold-j\all_documents\638_
3724,arnold-j\all_documents\671_
3797,arnold-j\all_documents\739_
3812,arnold-j\all_documents\752_
3813,arnold-j\all_documents\753_
3875,arnold-j\all_documents\810_
3905,arnold-j\all_documents\838_
3917,arnold-j\all_documents\849_
3949,arnold-j\all_documents\878_
4120,arnold-j\compaq\5_
4198,arnold-j\deleted_items\152_
4203,arnold-j\deleted_items\157_
4234,arnold-j\deleted_items\185_
4238,arnold-j\deleted_items\189_
4241,arnold-j\deleted_items\191_
4242,arnold-j\deleted_items\192_
4257,arnold-j\deleted_items\205_
4258,arnold-j\deleted_items\206_
4266,arnold-j\deleted_items\213_
4288,arnold-j\deleted_items\234_
4314,arnold-j\deleted_items\259_
4371,arnold-j\deleted_items\311_
4375,arnold-j\deleted_items\315_
4410,arnold-j\deleted_items\348_
4414,arnold-j\deleted_items\351_
4417,arnold-j\deleted_items\354_
4437,arnold-j\deleted_items\372_
4445,arnold-j\deleted_items\37_
4467,arnold-j\deleted_items\3_
4499,arnold-j\deleted_items\42_
4517,arnold-j\deleted_items\446_
4525,arnold-j\deleted_items\453_
4528,arnold-j\deleted_items\456_
4532,arnold-j\deleted_items\45_
4553,arnold-j\deleted_items\47_
4592,arnold-j\deleted_items\519_
4600,arnold-j\deleted_items\526_
4625,arnold-j\deleted_items\54_
4632,arnold-j\deleted_items\556_
4648,arnold-j\deleted_items\570_
4649,arnold-j\deleted_items\571_
4657,arnold-j\deleted_items\579_
4664,arnold-j\deleted_items\5_
4674,arnold-j\deleted_items\625_
4703,arnold-j\deleted_items\652_
4711,arnold-j\deleted_items\660_
4729,arnold-j\deleted_items\677_
4730,arnold-j\deleted_items\678_
4733,arnold-j\deleted_items\680_
4736,arnold-j\deleted_items\683_
4743,arnold-j\deleted_items\68_
4744,arnold-j\deleted_items\690_
4772,arnold-j\deleted_items\715_
4791,arnold-j\deleted_items\732_
4835,arnold-j\deleted_items\772_
4852,arnold-j\deleted_items\8_
5121,arnold-j\discussion_threads\458_
5126,arnold-j\discussion_threads\462_
5176,arnold-j\discussion_threads\507_
5194,arnold-j\discussion_threads\523_
5208,arnold-j\discussion_threads\536_
5214,arnold-j\discussion_threads\541_
5259,arnold-j\discussion_threads\94_
5296,arnold-j\inbox\10_
5302,arnold-j\inbox\13_
5330,arnold-j\inbox\165_
5350,arnold-j\inbox\21_
5351,arnold-j\inbox\22_
5363,arnold-j\inbox\33_
5379,arnold-j\inbox\48_
5398,arnold-j\inbox\65_
5413,arnold-j\inbox\79_
5441,arnold-j\nepco\1_
5481,arnold-j\notes_inbox\44_
5488,arnold-j\notes_inbox\50_
5502,arnold-j\notes_inbox\63_
5514,arnold-j\notes_inbox\74_
5575,arnold-j\sent\124_
5671,arnold-j\sent\210_
5675,arnold-j\sent\214_
5743,arnold-j\sent\276_
5791,arnold-j\sent\319_
5826,arnold-j\sent\350_
5930,arnold-j\sent\446_
5997,arnold-j\sent\506_
6011,arnold-j\sent\519_
6013,arnold-j\sent\520_
6073,arnold-j\sent\576_
6105,arnold-j\sent\604_
6117,arnold-j\sent\615_
6149,arnold-j\sent\644_
6303,arnold-j\sent\783_
6358,arnold-j\sent\98_
6396,arnold-j\sent_items\132_
6444,arnold-j\sent_items\176_
6474,arnold-j\sent_items\202_
6540,arnold-j\sent_items\266_
6549,arnold-j\sent_items\274_
6563,arnold-j\sent_items\287_
6565,arnold-j\sent_items\289_
6572,arnold-j\sent_items\295_
6586,arnold-j\sent_items\307_
6611,arnold-j\sent_items\330_
6612,arnold-j\sent_items\331_
6625,arnold-j\sent_items\343_
6685,arnold-j\sent_items\398_
6694,arnold-j\sent_items\405_
6701,arnold-j\sent_items\411_
6704,arnold-j\sent_items\414_
6713,arnold-j\sent_items\422_
6714,arnold-j\sent_items\423_
6750,arnold-j\sent_items\457_
6752,arnold-j\sent_items\459_
6768,arnold-j\sent_items\473_
6769,arnold-j\sent_items\474_
6836,arnold-j\sent_items\534_
6841,arnold-j\sent_items\539_
6844,arnold-j\sent_items\541_
6852,arnold-j\sent_items\54_
6871,arnold-j\sent_items\567_
6875,arnold-j\sent_items\570_
6905,arnold-j\sent_items\598_
6910,arnold-j\sent_items\601_
6950,arnold-j\sent_items\638_
6961,arnold-j\sent_items\708_
6964,arnold-j\sent_items\710_
6968,arnold-j\sent_items\714_
6970,arnold-j\sent_items\716_
6991,arnold-j\sent_items\735_
6992,arnold-j\sent_items\736_
6993,arnold-j\sent_items\737_
6994,arnold-j\sent_items\738_
6995,arnold-j\sent_items\739_
6998,arnold-j\sent_items\741_
6999,arnold-j\sent_items\742_
7010,arnold-j\sent_items\752_
7027,arnold-j\sent_items\768_
7028,arnold-j\sent_items\769_
7052,arnold-j\sent_items\790_
7054,arnold-j\sent_items\792_
7056,arnold-j\sent_items\794_
7146,arnold-j\_sent_mail\122_
7241,arnold-j\_sent_mail\208_
7246,arnold-j\_sent_mail\212_
7314,arnold-j\_sent_mail\274_
7362,arnold-j\_sent_mail\317_
7396,arnold-j\_sent_mail\348_
7501,arnold-j\_sent_mail\442_
7568,arnold-j\_sent_mail\502_
7582,arnold-j\_sent_mail\515_
7583,arnold-j\_sent_mail\516_
7644,arnold-j\_sent_mail\572_
7676,arnold-j\_sent_mail\600_
7688,arnold-j\_sent_mail\611_
7720,arnold-j\_sent_mail\640_
7873,arnold-j\_sent_mail\779_
7927,arnold-j\_sent_mail\96_
7964,arora-h\all_documents\3_
8013,arora-h\deleted_items\116_
8018,arora-h\deleted_items\120_
8037,arora-h\deleted_items\138_
8045,arora-h\deleted_items\145_
8087,arora-h\deleted_items\185_
8148,arora-h\deleted_items\57_
8169,arora-h\deleted_items\76_
8226,arora-h\discussion_threads\3_
8283,arora-h\inbox\saved_mail\28_
8291,arora-h\inbox\saved_mail\35_
8303,arora-h\inbox\saved_mail\46_
8311,arora-h\inbox\saved_mail\53_
8368,arora-h\inbox\51_
8447,arora-h\savedmail\45_
8478,arora-h\savedmail\73_
8480,arora-h\savedmail\75_
8483,arora-h\savedmail\78_
8484,arora-h\savedmail\79_
8560,arora-h\sent_items\58_
8561,arora-h\sent_items\59_
8563,arora-h\sent_items\60_
8565,arora-h\sent_items\62_
8566,arora-h\sent_items\63_
8598,badeer-r\all_documents\111_
8601,badeer-r\all_documents\114_
8608,badeer-r\all_documents\120_
8609,badeer-r\all_documents\121_
8616,badeer-r\all_documents\128_
8620,badeer-r\all_documents\131_
8624,badeer-r\all_documents\135_
8645,badeer-r\all_documents\154_
8652,badeer-r\all_documents\160_
8774,badeer-r\all_documents\271_
8810,badeer-r\all_documents\31_
8811,badeer-r\all_documents\32_
8854,badeer-r\all_documents\72_
8860,badeer-r\all_documents\78_
8865,badeer-r\all_documents\82_
8867,badeer-r\all_documents\84_
8871,badeer-r\all_documents\88_
8953,badeer-r\california\8_
8975,badeer-r\deleted_items\1_
8978,badeer-r\deleted_items\4_
9010,badeer-r\discussion_threads\124_
9017,badeer-r\discussion_threads\130_
9033,badeer-r\discussion_threads\145_
9037,badeer-r\discussion_threads\149_
9041,badeer-r\discussion_threads\152_
9048,badeer-r\discussion_threads\159_
9050,badeer-r\discussion_threads\160_
9056,badeer-r\discussion_threads\166_
9059,badeer-r\discussion_threads\169_
9081,badeer-r\discussion_threads\189_
9086,badeer-r\discussion_threads\193_
9088,badeer-r\discussion_threads\195_
9092,badeer-r\discussion_threads\199_
9100,badeer-r\discussion_threads\205_
9143,badeer-r\discussion_threads\245_
9144,badeer-r\discussion_threads\246_
9180,badeer-r\discussion_threads\27_
9261,badeer-r\dj_articles\1_
9262,badeer-r\dj_articles\2_
9263,badeer-r\dj_articles\3_
9264,badeer-r\dj_articles\4_
9265,badeer-r\dj_articles\5_
9266,badeer-r\dj_articles\6_
9267,badeer-r\dj_articles\7_
9284,badeer-r\notes_inbox\102_
9322,badeer-r\notes_inbox\31_
9323,badeer-r\notes_inbox\32_
9366,badeer-r\notes_inbox\72_
9372,badeer-r\notes_inbox\78_
9375,badeer-r\notes_inbox\80_
9378,badeer-r\notes_inbox\83_
9403,badeer-r\sent_items\1_
9455,badeer-r\_sent_mail\51_
9458,badeer-r\_sent_mail\5_
9478,bailey-s\all_documents\9_
9492,bailey-s\deleted_items\112_
9688,bailey-s\deleted_items\290_
9748,bailey-s\deleted_items\344_
9749,bailey-s\deleted_items\345_
9750,bailey-s\deleted_items\346_
9775,bailey-s\deleted_items\369_
9823,bailey-s\deleted_items\411_
9824,bailey-s\deleted_items\412_
9839,bailey-s\deleted_items\426_
9925,bailey-s\notes_inbox\8_
9929,bailey-s\sent_items\15_
