5,allen-p\all_documents\105_
108,allen-p\all_documents\1_
292,allen-p\all_documents\369_
393,allen-p\all_documents\45_
467,allen-p\all_documents\526_
510,allen-p\all_documents\565_
514,allen-p\all_documents\569_
524,allen-p\all_documents\578_
542,allen-p\all_documents\595_
620,allen-p\all_documents\93_
632,allen-p\deleted_items\102_
664,allen-p\deleted_items\132_
717,allen-p\deleted_items\183_
1052,allen-p\discussion_threads\156_
1060,allen-p\discussion_threads\163_
1093,allen-p\discussion_threads\193_
1135,allen-p\discussion_threads\233_
1182,allen-p\discussion_threads\400_
1190,allen-p\discussion_threads\408_
1193,allen-p\discussion_threads\410_
1222,allen-p\discussion_threads\437_
1337,allen-p\discussion_threads\540_
1416,allen-p\inbox\22_
1477,allen-p\notes_inbox\1_
1743,allen-p\sent\306_
1914,allen-p\sent\460_
1954,allen-p\sent\497_
1960,allen-p\sent\501_
1970,allen-p\sent\510_
1980,allen-p\sent\51_
1987,allen-p\sent\527_
2031,allen-p\sent\63_
2039,allen-p\sent\6_
2110,allen-p\sent_items\129_
2184,allen-p\sent_items\197_
2212,allen-p\sent_items\221_
2219,allen-p\sent_items\228_
2266,allen-p\sent_items\270_
2272,allen-p\sent_items\276_
2281,allen-p\sent_items\285_
2322,allen-p\sent_items\376_
2360,allen-p\sent_items\43_
2379,allen-p\sent_items\5_
2448,allen-p\_sent_mail\110_
2714,allen-p\_sent_mail\353_
2879,allen-p\_sent_mail\507_
2915,allen-p\_sent_mail\53_
2920,allen-p\_sent_mail\544_
2924,allen-p\_sent_mail\548_
2934,allen-p\_sent_mail\557_
2952,allen-p\_sent_mail\574_
3022,allen-p\_sent_mail\8_
3031,allen-p\_sent_mail\98_
3049,arnold-j\all_documents\1011_
3053,arnold-j\all_documents\1015_
3071,arnold-j\all_documents\1031_
3084,arnold-j\all_documents\1043_
3118,arnold-j\all_documents\127_
3126,arnold-j\all_documents\134_
3134,arnold-j\all_documents\13_
3252,arnold-j\all_documents\244_
3280,arnold-j\all_documents\26_
3299,arnold-j\all_documents\287_
3362,arnold-j\all_documents\343_
3474,arnold-j\all_documents\444_
3626,arnold-j\all_documents\581_
3638,arnold-j\all_documents\592_
3653,arnold-j\all_documents\605_
3654,arnold-j\all_documents\606_
3684,arnold-j\all_documents\633_
3701,arnold-j\all_documents\64_
3776,arnold-j\all_documents\71_
3819,arnold-j\all_documents\75_
3930,arnold-j\all_documents\860_
4049,arnold-j\all_documents\969_
4089,arnold-j\avaya\5_
4099,arnold-j\bmc\3_
4129,arnold-j\continental_airlines\1_
4140,arnold-j\corestaff\2_
4148,arnold-j\deleted_items\107_
4241,arnold-j\deleted_items\191_
4260,arnold-j\deleted_items\208_
4282,arnold-j\deleted_items\229_
4285,arnold-j\deleted_items\231_
4296,arnold-j\deleted_items\242_
4310,arnold-j\deleted_items\255_
4311,arnold-j\deleted_items\256_
4339,arnold-j\deleted_items\281_
4343,arnold-j\deleted_items\285_
4383,arnold-j\deleted_items\323_
4386,arnold-j\deleted_items\326_
4396,arnold-j\deleted_items\335_
4401,arnold-j\deleted_items\33_
4423,arnold-j\deleted_items\35_
4439,arnold-j\deleted_items\374_
4463,arnold-j\deleted_items\397_
4474,arnold-j\deleted_items\406_
4480,arnold-j\deleted_items\411_
4509,arnold-j\deleted_items\439_
4516,arnold-j\deleted_items\445_
4530,arnold-j\deleted_items\458_
4541,arnold-j\deleted_items\468_
4542,arnold-j\deleted_items\469_
4545,arnold-j\deleted_items\471_
4556,arnold-j\deleted_items\482_
4558,arnold-j\deleted_items\484_
4590,arnold-j\deleted_items\517_
4591,arnold-j\deleted_items\518_
4613,arnold-j\deleted_items\539_
4617,arnold-j\deleted_items\542_
4647,arnold-j\deleted_items\56_
4687,arnold-j\deleted_items\638_
4712,arnold-j\deleted_items\661_
4753,arnold-j\deleted_items\699_
4754,arnold-j\deleted_items\69_
4757,arnold-j\deleted_items\701_
4758,arnold-j\deleted_items\702_
4764,arnold-j\deleted_items\708_
4789,arnold-j\deleted_items\730_
4798,arnold-j\deleted_items\739_
4808,arnold-j\deleted_items\748_
4809,arnold-j\deleted_items\749_
4811,arnold-j\deleted_items\750_
4845,arnold-j\deleted_items\83_
5013,arnold-j\discussion_threads\360_
5083,arnold-j\discussion_threads\423_
5188,arnold-j\discussion_threads\518_
5189,arnold-j\discussion_threads\519_
5202,arnold-j\discussion_threads\530_
5213,arnold-j\discussion_threads\540_
5237,arnold-j\discussion_threads\74_
5280,arnold-j\ge\1_
5283,arnold-j\hp\12_
5334,arnold-j\inbox\169_
5362,arnold-j\inbox\32_
5369,arnold-j\inbox\39_
5386,arnold-j\inbox\54_
5388,arnold-j\inbox\56_
5390,arnold-j\inbox\58_
5405,arnold-j\inbox\71_
5417,arnold-j\inbox\82_
5482,arnold-j\notes_inbox\45_
5494,arnold-j\notes_inbox\56_
5506,arnold-j\notes_inbox\67_
5507,arnold-j\notes_inbox\68_
5528,arnold-j\oec\1_
5549,arnold-j\sent\104_
5615,arnold-j\sent\160_
5727,arnold-j\sent\261_
5899,arnold-j\sent\416_
6122,arnold-j\sent\61_
6129,arnold-j\sent\626_
6249,arnold-j\sent\734_
6294,arnold-j\sent\775_
6298,arnold-j\sent\779_
6316,arnold-j\sent\795_
6330,arnold-j\sent\807_
6405,arnold-j\sent_items\140_
6430,arnold-j\sent_items\163_
6526,arnold-j\sent_items\24_
6634,arnold-j\sent_items\351_
6887,arnold-j\sent_items\581_
6892,arnold-j\sent_items\586_
6959,arnold-j\sent_items\706_
6962,arnold-j\sent_items\709_
6967,arnold-j\sent_items\713_
7013,arnold-j\sent_items\755_
7120,arnold-j\_sent_mail\102_
7185,arnold-j\_sent_mail\158_
7297,arnold-j\_sent_mail\259_
7470,arnold-j\_sent_mail\414_
7674,arnold-j\_sent_mail\59_
7700,arnold-j\_sent_mail\622_
7820,arnold-j\_sent_mail\730_
7865,arnold-j\_sent_mail\771_
7869,arnold-j\_sent_mail\775_
7887,arnold-j\_sent_mail\791_
7901,arnold-j\_sent_mail\803_
7983,arora-h\all_documents\57_
8008,arora-h\deleted_items\110_
8009,arora-h\deleted_items\111_
8018,arora-h\deleted_items\120_
8029,arora-h\deleted_items\130_
8161,arora-h\deleted_items\69_
8291,arora-h\inbox\saved_mail\35_
8301,arora-h\inbox\saved_mail\44_
8303,arora-h\inbox\saved_mail\46_
8349,arora-h\inbox\29_
8506,arora-h\sent\8_
8532,arora-h\sent_items\32_
8620,badeer-r\all_documents\131_
8629,badeer-r\all_documents\13_
8642,badeer-r\all_documents\151_
8807,badeer-r\all_documents\300_
8820,badeer-r\all_documents\41_
8871,badeer-r\all_documents\88_
8960,badeer-r\cal_articles\6_
9019,badeer-r\discussion_threads\132_
9037,badeer-r\discussion_threads\149_
9081,badeer-r\discussion_threads\189_
9134,badeer-r\discussion_threads\236_
9164,badeer-r\discussion_threads\264_
9179,badeer-r\discussion_threads\278_
9265,badeer-r\dj_articles\5_
9299,badeer-r\notes_inbox\116_
9302,badeer-r\notes_inbox\13_
9332,badeer-r\notes_inbox\41_
9378,badeer-r\notes_inbox\83_
9546,bailey-s\deleted_items\162_
9549,bailey-s\deleted_items\165_
9550,bailey-s\deleted_items\166_
9564,bailey-s\deleted_items\179_
9679,bailey-s\deleted_items\282_
9682,bailey-s\deleted_items\285_
9689,bailey-s\deleted_items\291_
9766,bailey-s\deleted_items\360_
9772,bailey-s\deleted_items\366_
9777,bailey-s\deleted_items\370_
9876,bailey-s\deleted_items\67_
9889,bailey-s\deleted_items\79_
9910,bailey-s\deleted_items\98_
9942,bass-e\all_documents\1001_
