63,allen-p\all_documents\15_
85,allen-p\all_documents\17_
108,allen-p\all_documents\1_
178,allen-p\all_documents\264_
279,allen-p\all_documents\357_
403,allen-p\all_documents\469_
408,allen-p\all_documents\473_
502,allen-p\all_documents\558_
630,allen-p\deleted_items\100_
639,allen-p\deleted_items\109_
644,allen-p\deleted_items\113_
654,allen-p\deleted_items\123_
664,allen-p\deleted_items\132_
680,allen-p\deleted_items\148_
682,allen-p\deleted_items\150_
694,allen-p\deleted_items\161_
695,allen-p\deleted_items\162_
697,allen-p\deleted_items\164_
708,allen-p\deleted_items\175_
712,allen-p\deleted_items\179_
719,allen-p\deleted_items\185_
732,allen-p\deleted_items\198_
736,allen-p\deleted_items\200_
739,allen-p\deleted_items\203_
740,allen-p\deleted_items\204_
747,allen-p\deleted_items\210_
751,allen-p\deleted_items\214_
752,allen-p\deleted_items\215_
764,allen-p\deleted_items\230_
765,allen-p\deleted_items\231_
768,allen-p\deleted_items\234_
795,allen-p\deleted_items\25_
826,allen-p\deleted_items\354_
829,allen-p\deleted_items\357_
858,allen-p\deleted_items\385_
898,allen-p\deleted_items\421_
974,allen-p\deleted_items\84_
1120,allen-p\discussion_threads\218_
1121,allen-p\discussion_threads\219_
1135,allen-p\discussion_threads\233_
1198,allen-p\discussion_threads\415_
1262,allen-p\discussion_threads\473_
1266,allen-p\discussion_threads\477_
1314,allen-p\discussion_threads\51_
1348,allen-p\discussion_threads\550_
1427,allen-p\inbox\32_
1428,allen-p\inbox\33_
1472,allen-p\notes_inbox\15_
1474,allen-p\notes_inbox\17_
1477,allen-p\notes_inbox\1_
1506,allen-p\notes_inbox\46_
1647,allen-p\sent\218_
1851,allen-p\sent\403_
1855,allen-p\sent\407_
1948,allen-p\sent\491_
2110,allen-p\sent_items\129_
2291,allen-p\sent_items\294_
2292,allen-p\sent_items\295_
2619,allen-p\_sent_mail\265_
2816,allen-p\_sent_mail\450_
2820,allen-p\_sent_mail\454_
2913,allen-p\_sent_mail\538_
3132,arnold-j\all_documents\1399_
3541,arnold-j\all_documents\504_
3626,arnold-j\all_documents\581_
3654,arnold-j\all_documents\606_
3711,arnold-j\all_documents\65_
3914,arnold-j\all_documents\846_
3919,arnold-j\all_documents\850_
3930,arnold-j\all_documents\860_
3948,arnold-j\all_documents\877_
4137,arnold-j\continental_airlines\9_
4144,arnold-j\deleted_items\103_
4148,arnold-j\deleted_items\107_
4170,arnold-j\deleted_items\127_
4179,arnold-j\deleted_items\135_
4227,arnold-j\deleted_items\179_
4248,arnold-j\deleted_items\198_
4255,arnold-j\deleted_items\203_
4260,arnold-j\deleted_items\208_
4282,arnold-j\deleted_items\229_
4285,arnold-j\deleted_items\231_
4286,arnold-j\deleted_items\232_
4291,arnold-j\deleted_items\238_
4310,arnold-j\deleted_items\255_
4311,arnold-j\deleted_items\256_
4322,arnold-j\deleted_items\266_
4326,arnold-j\deleted_items\26_
4333,arnold-j\deleted_items\276_
4339,arnold-j\deleted_items\281_
4342,arnold-j\deleted_items\284_
4343,arnold-j\deleted_items\285_
4369,arnold-j\deleted_items\30_
4373,arnold-j\deleted_items\313_
4383,arnold-j\deleted_items\323_
4396,arnold-j\deleted_items\335_
4401,arnold-j\deleted_items\33_
4423,arnold-j\deleted_items\35_
4429,arnold-j\deleted_items\365_
4439,arnold-j\deleted_items\374_
4441,arnold-j\deleted_items\376_
4444,arnold-j\deleted_items\379_
4463,arnold-j\deleted_items\397_
4474,arnold-j\deleted_items\406_
4501,arnold-j\deleted_items\431_
4509,arnold-j\deleted_items\439_
4510,arnold-j\deleted_items\43_
4516,arnold-j\deleted_items\445_
4527,arnold-j\deleted_items\455_
4536,arnold-j\deleted_items\463_
4541,arnold-j\deleted_items\468_
4545,arnold-j\deleted_items\471_
4552,arnold-j\deleted_items\479_
4554,arnold-j\deleted_items\480_
4556,arnold-j\deleted_items\482_
4558,arnold-j\deleted_items\484_
4564,arnold-j\deleted_items\492_
4566,arnold-j\deleted_items\494_
4578,arnold-j\deleted_items\506_
4579,arnold-j\deleted_items\507_
4580,arnold-j\deleted_items\508_
4590,arnold-j\deleted_items\517_
4591,arnold-j\deleted_items\518_
4598,arnold-j\deleted_items\524_
4613,arnold-j\deleted_items\539_
4615,arnold-j\deleted_items\540_
4617,arnold-j\deleted_items\542_
4643,arnold-j\deleted_items\566_
4647,arnold-j\deleted_items\56_
4659,arnold-j\deleted_items\580_
4670,arnold-j\deleted_items\621_
4671,arnold-j\deleted_items\622_
4679,arnold-j\deleted_items\62_
4692,arnold-j\deleted_items\642_
4701,arnold-j\deleted_items\650_
4707,arnold-j\deleted_items\657_
4712,arnold-j\deleted_items\661_
4716,arnold-j\deleted_items\665_
4734,arnold-j\deleted_items\681_
4746,arnold-j\deleted_items\692_
4754,arnold-j\deleted_items\69_
4757,arnold-j\deleted_items\701_
4758,arnold-j\deleted_items\702_
4762,arnold-j\deleted_items\706_
4764,arnold-j\deleted_items\708_
4808,arnold-j\deleted_items\748_
4809,arnold-j\deleted_items\749_
4811,arnold-j\deleted_items\750_
4817,arnold-j\deleted_items\756_
4821,arnold-j\deleted_items\75_
4845,arnold-j\deleted_items\83_
5083,arnold-j\discussion_threads\423_
5088,arnold-j\discussion_threads\428_
5188,arnold-j\discussion_threads\518_
5213,arnold-j\discussion_threads\540_
5334,arnold-j\inbox\169_
5348,arnold-j\inbox\209_
5369,arnold-j\inbox\39_
5386,arnold-j\inbox\54_
5390,arnold-j\inbox\58_
5415,arnold-j\inbox\80_
5424,arnold-j\inbox\89_
5435,arnold-j\inbox\99_
5482,arnold-j\notes_inbox\45_
5507,arnold-j\notes_inbox\68_
5563,arnold-j\sent\1161_
5793,arnold-j\sent\320_
6114,arnold-j\sent\612_
6118,arnold-j\sent\616_
6129,arnold-j\sent\626_
6148,arnold-j\sent\643_
6455,arnold-j\sent_items\186_
6689,arnold-j\sent_items\400_
6780,arnold-j\sent_items\484_
6892,arnold-j\sent_items\586_
7013,arnold-j\sent_items\755_
7135,arnold-j\_sent_mail\1157_
7363,arnold-j\_sent_mail\318_
7684,arnold-j\_sent_mail\608_
7689,arnold-j\_sent_mail\612_
7700,arnold-j\_sent_mail\622_
7718,arnold-j\_sent_mail\639_
7947,arora-h\all_documents\24_
7962,arora-h\all_documents\38_
8011,arora-h\deleted_items\114_
8035,arora-h\deleted_items\136_
8049,arora-h\deleted_items\149_
8064,arora-h\deleted_items\163_
8068,arora-h\deleted_items\167_
8073,arora-h\deleted_items\171_
8079,arora-h\deleted_items\177_
8083,arora-h\deleted_items\180_
8099,arora-h\deleted_items\196_
8126,arora-h\deleted_items\37_
8169,arora-h\deleted_items\76_
8171,arora-h\deleted_items\78_
8207,arora-h\discussion_threads\22_
8222,arora-h\discussion_threads\36_
8342,arora-h\inbox\22_
8372,arora-h\inbox\60_
8374,arora-h\inbox\63_
8379,arora-h\inbox\68_
8406,arora-h\inbox\93_
8427,arora-h\savedmail\27_
8579,arora-h\vanderbilt\3_
8698,badeer-r\all_documents\201_
8804,badeer-r\all_documents\299_
8807,badeer-r\all_documents\300_
8915,badeer-r\california\38_
8975,badeer-r\deleted_items\1_
8977,badeer-r\deleted_items\3_
8978,badeer-r\deleted_items\4_
9094,badeer-r\discussion_threads\1_
9179,badeer-r\discussion_threads\278_
9246,badeer-r\discussion_threads\87_
9299,badeer-r\notes_inbox\116_
9402,badeer-r\press_releases\6_
9403,badeer-r\sent_items\1_
9537,bailey-s\deleted_items\153_
9708,bailey-s\deleted_items\308_
9770,bailey-s\deleted_items\364_
9852,bailey-s\deleted_items\45_
9984,bass-e\all_documents\103_
