10,allen-p\all_documents\10_
13,allen-p\all_documents\112_
14,allen-p\all_documents\113_
28,allen-p\all_documents\126_
37,allen-p\all_documents\135_
43,allen-p\all_documents\141_
45,allen-p\all_documents\143_
48,allen-p\all_documents\146_
137,allen-p\all_documents\226_
153,allen-p\all_documents\241_
156,allen-p\all_documents\244_
207,allen-p\all_documents\290_
221,allen-p\all_documents\303_
241,allen-p\all_documents\321_
243,allen-p\all_documents\323_
281,allen-p\all_documents\359_
393,allen-p\all_documents\45_
440,allen-p\all_documents\501_
476,allen-p\all_documents\534_
560,allen-p\all_documents\610_
612,allen-p\all_documents\86_
615,allen-p\all_documents\89_
646,allen-p\deleted_items\115_
655,allen-p\deleted_items\124_
681,allen-p\deleted_items\149_
848,allen-p\deleted_items\375_
1016,allen-p\discussion_threads\123_
1019,allen-p\discussion_threads\126_
1021,allen-p\discussion_threads\128_
1025,allen-p\discussion_threads\131_
1032,allen-p\discussion_threads\138_
1046,allen-p\discussion_threads\150_
1047,allen-p\discussion_threads\151_
1063,allen-p\discussion_threads\166_
1065,allen-p\discussion_threads\168_
1078,allen-p\discussion_threads\17_
1093,allen-p\discussion_threads\193_
1100,allen-p\discussion_threads\19_
1125,allen-p\discussion_threads\224_
1157,allen-p\discussion_threads\378_
1159,allen-p\discussion_threads\37_
1217,allen-p\discussion_threads\432_
1241,allen-p\discussion_threads\454_
1345,allen-p\discussion_threads\548_
1363,allen-p\discussion_threads\63_
1469,allen-p\notes_inbox\10_
1508,allen-p\notes_inbox\48_
1518,allen-p\sent\101_
1521,allen-p\sent\104_
1605,allen-p\sent\180_
1621,allen-p\sent\195_
1624,allen-p\sent\198_
1676,allen-p\sent\244_
1688,allen-p\sent\256_
1705,allen-p\sent\271_
1706,allen-p\sent\272_
1886,allen-p\sent\435_
1902,allen-p\sent\44_
1921,allen-p\sent\467_
1935,allen-p\sent\47_
2004,allen-p\sent\542_
2039,allen-p\sent\6_
2041,allen-p\sent\70_
2042,allen-p\sent\71_
2061,allen-p\sent\84_
2071,allen-p\sent\93_
2077,allen-p\sent\99_
2087,allen-p\sent_items\108_
2274,allen-p\sent_items\278_
2283,allen-p\sent_items\287_
2316,allen-p\sent_items\370_
2411,allen-p\sent_items\89_
2415,allen-p\sent_items\92_
2455,allen-p\_sent_mail\117_
2456,allen-p\_sent_mail\118_
2471,allen-p\_sent_mail\131_
2481,allen-p\_sent_mail\140_
2487,allen-p\_sent_mail\146_
2489,allen-p\_sent_mail\148_
2493,allen-p\_sent_mail\151_
2577,allen-p\_sent_mail\227_
2594,allen-p\_sent_mail\242_
2597,allen-p\_sent_mail\245_
2648,allen-p\_sent_mail\291_
2661,allen-p\_sent_mail\303_
2677,allen-p\_sent_mail\318_
2678,allen-p\_sent_mail\319_
2851,allen-p\_sent_mail\482_
2887,allen-p\_sent_mail\514_
2915,allen-p\_sent_mail\53_
2968,allen-p\_sent_mail\589_
3024,allen-p\_sent_mail\91_
3027,allen-p\_sent_mail\94_
3079,arnold-j\all_documents\1039_
3104,arnold-j\all_documents\115_
3117,arnold-j\all_documents\126_
3147,arnold-j\all_documents\14_
3164,arnold-j\all_documents\165_
3374,arnold-j\all_documents\354_
3418,arnold-j\all_documents\394_
3421,arnold-j\all_documents\397_
3424,arnold-j\all_documents\39_
3439,arnold-j\all_documents\412_
3441,arnold-j\all_documents\414_
3452,arnold-j\all_documents\424_
3538,arnold-j\all_documents\501_
3589,arnold-j\all_documents\548_
3626,arnold-j\all_documents\581_
3638,arnold-j\all_documents\592_
3653,arnold-j\all_documents\605_
3654,arnold-j\all_documents\606_
3725,arnold-j\all_documents\672_
3836,arnold-j\all_documents\775_
3868,arnold-j\all_documents\804_
3871,arnold-j\all_documents\807_
3882,arnold-j\all_documents\817_
3904,arnold-j\all_documents\837_
3908,arnold-j\all_documents\840_
3914,arnold-j\all_documents\846_
3919,arnold-j\all_documents\850_
3920,arnold-j\all_documents\851_
3930,arnold-j\all_documents\860_
3937,arnold-j\all_documents\867_
3938,arnold-j\all_documents\868_
4094,arnold-j\bmc\14_
4096,arnold-j\bmc\16_
4098,arnold-j\bmc\2_
4108,arnold-j\bristol_babcock\1_
4179,arnold-j\deleted_items\135_
4225,arnold-j\deleted_items\177_
4257,arnold-j\deleted_items\205_
4258,arnold-j\deleted_items\206_
4267,arnold-j\deleted_items\214_
4322,arnold-j\deleted_items\266_
4343,arnold-j\deleted_items\285_
4348,arnold-j\deleted_items\290_
4383,arnold-j\deleted_items\323_
4392,arnold-j\deleted_items\331_
4409,arnold-j\deleted_items\347_
4509,arnold-j\deleted_items\439_
4516,arnold-j\deleted_items\445_
4541,arnold-j\deleted_items\468_
4545,arnold-j\deleted_items\471_
4556,arnold-j\deleted_items\482_
4558,arnold-j\deleted_items\484_
4591,arnold-j\deleted_items\518_
4614,arnold-j\deleted_items\53_
4617,arnold-j\deleted_items\542_
4647,arnold-j\deleted_items\56_
4712,arnold-j\deleted_items\661_
4720,arnold-j\deleted_items\669_
4754,arnold-j\deleted_items\69_
4757,arnold-j\deleted_items\701_
4758,arnold-j\deleted_items\702_
4809,arnold-j\deleted_items\749_
4811,arnold-j\deleted_items\750_
4845,arnold-j\deleted_items\83_
4954,arnold-j\discussion_threads\181_
5083,arnold-j\discussion_threads\423_
5088,arnold-j\discussion_threads\428_
5099,arnold-j\discussion_threads\438_
5188,arnold-j\discussion_threads\518_
5189,arnold-j\discussion_threads\519_
5202,arnold-j\discussion_threads\530_
5213,arnold-j\discussion_threads\540_
5259,arnold-j\discussion_threads\94_
5324,arnold-j\inbox\15_
5334,arnold-j\inbox\169_
5345,arnold-j\inbox\19_
5369,arnold-j\inbox\39_
5386,arnold-j\inbox\54_
5482,arnold-j\notes_inbox\45_
5494,arnold-j\notes_inbox\56_
5506,arnold-j\notes_inbox\67_
5507,arnold-j\notes_inbox\68_
5570,arnold-j\sent\11_
5627,arnold-j\sent\171_
5672,arnold-j\sent\211_
5675,arnold-j\sent\214_
5691,arnold-j\sent\229_
5694,arnold-j\sent\231_
5705,arnold-j\sent\241_
5789,arnold-j\sent\317_
5838,arnold-j\sent\361_
5931,arnold-j\sent\447_
6036,arnold-j\sent\542_
6067,arnold-j\sent\570_
6070,arnold-j\sent\573_
6081,arnold-j\sent\583_
6104,arnold-j\sent\603_
6107,arnold-j\sent\606_
6114,arnold-j\sent\612_
6118,arnold-j\sent\616_
6119,arnold-j\sent\617_
6129,arnold-j\sent\626_
6137,arnold-j\sent\633_
6138,arnold-j\sent\634_
6326,arnold-j\sent\803_
6400,arnold-j\sent_items\136_
6405,arnold-j\sent_items\140_
6430,arnold-j\sent_items\163_
6510,arnold-j\sent_items\235_
6511,arnold-j\sent_items\236_
6540,arnold-j\sent_items\266_
6549,arnold-j\sent_items\274_
6554,arnold-j\sent_items\279_
6556,arnold-j\sent_items\280_
6557,arnold-j\sent_items\281_
6583,arnold-j\sent_items\304_
6658,arnold-j\sent_items\373_
6689,arnold-j\sent_items\400_
6765,arnold-j\sent_items\470_
6823,arnold-j\sent_items\522_
6833,arnold-j\sent_items\531_
6841,arnold-j\sent_items\539_
6844,arnold-j\sent_items\541_
6863,arnold-j\sent_items\55_
6870,arnold-j\sent_items\566_
6892,arnold-j\sent_items\586_
7009,arnold-j\sent_items\751_
7013,arnold-j\sent_items\755_
7197,arnold-j\_sent_mail\169_
7242,arnold-j\_sent_mail\209_
7246,arnold-j\_sent_mail\212_
7262,arnold-j\_sent_mail\227_
7264,arnold-j\_sent_mail\229_
7275,arnold-j\_sent_mail\239_
7360,arnold-j\_sent_mail\315_
7408,arnold-j\_sent_mail\359_
7502,arnold-j\_sent_mail\443_
7606,arnold-j\_sent_mail\538_
7637,arnold-j\_sent_mail\566_
7640,arnold-j\_sent_mail\569_
7651,arnold-j\_sent_mail\579_
7673,arnold-j\_sent_mail\599_
7678,arnold-j\_sent_mail\602_
7684,arnold-j\_sent_mail\608_
7689,arnold-j\_sent_mail\612_
7690,arnold-j\_sent_mail\613_
7700,arnold-j\_sent_mail\622_
7707,arnold-j\_sent_mail\629_
7709,arnold-j\_sent_mail\630_
7895,arnold-j\_sent_mail\799_
7931,arnold-j\_sent_mail\9_
7962,arora-h\all_documents\38_
8009,arora-h\deleted_items\111_
8049,arora-h\deleted_items\149_
8064,arora-h\deleted_items\163_
8083,arora-h\deleted_items\180_
8087,arora-h\deleted_items\185_
8112,arora-h\deleted_items\25_
8126,arora-h\deleted_items\37_
8133,arora-h\deleted_items\43_
8171,arora-h\deleted_items\78_
8222,arora-h\discussion_threads\36_
8368,arora-h\inbox\51_
8379,arora-h\inbox\68_
8521,arora-h\sent_items\22_
8560,arora-h\sent_items\58_
8561,arora-h\sent_items\59_
8563,arora-h\sent_items\60_
8565,arora-h\sent_items\62_
8566,arora-h\sent_items\63_
8579,arora-h\vanderbilt\3_
8601,badeer-r\all_documents\114_
8608,badeer-r\all_documents\120_
8624,badeer-r\all_documents\135_
8634,badeer-r\all_documents\144_
8645,badeer-r\all_documents\154_
8655,badeer-r\all_documents\163_
8661,badeer-r\all_documents\169_
8700,badeer-r\all_documents\203_
8808,badeer-r\all_documents\301_
8825,badeer-r\all_documents\46_
8901,badeer-r\california\25_
8918,badeer-r\california\40_
8957,badeer-r\cal_articles\3_
8962,badeer-r\cal_articles\8_
8975,badeer-r\deleted_items\1_
8978,badeer-r\deleted_items\4_
9000,badeer-r\discussion_threads\115_
9007,badeer-r\discussion_threads\121_
9017,badeer-r\discussion_threads\130_
9025,badeer-r\discussion_threads\138_
9033,badeer-r\discussion_threads\145_
9050,badeer-r\discussion_threads\160_
9056,badeer-r\discussion_threads\166_
9129,badeer-r\discussion_threads\231_
9178,badeer-r\discussion_threads\277_
9244,badeer-r\discussion_threads\85_
9262,badeer-r\dj_articles\2_
9266,badeer-r\dj_articles\6_
9267,badeer-r\dj_articles\7_
9287,badeer-r\notes_inbox\105_
9337,badeer-r\notes_inbox\46_
9403,badeer-r\sent_items\1_
9458,badeer-r\_sent_mail\5_
9962,bass-e\all_documents\101_
9984,bass-e\all_documents\103_
