351,allen-p\all_documents\421_
393,allen-p\all_documents\45_
638,allen-p\deleted_items\108_
658,allen-p\deleted_items\127_
709,allen-p\deleted_items\176_
711,allen-p\deleted_items\178_
728,allen-p\deleted_items\193_
744,allen-p\deleted_items\208_
760,allen-p\deleted_items\227_
761,allen-p\deleted_items\228_
800,allen-p\deleted_items\264_
801,allen-p\deleted_items\265_
821,allen-p\deleted_items\34_
825,allen-p\deleted_items\353_
847,allen-p\deleted_items\374_
900,allen-p\deleted_items\423_
901,allen-p\deleted_items\424_
903,allen-p\deleted_items\426_
913,allen-p\deleted_items\436_
922,allen-p\deleted_items\445_
923,allen-p\deleted_items\446_
929,allen-p\deleted_items\451_
933,allen-p\deleted_items\455_
936,allen-p\deleted_items\47_
944,allen-p\deleted_items\54_
955,allen-p\deleted_items\66_
977,allen-p\deleted_items\87_
979,allen-p\deleted_items\89_
1093,allen-p\discussion_threads\193_
1306,allen-p\discussion_threads\512_
1423,allen-p\inbox\29_
1426,allen-p\inbox\31_
1446,allen-p\inbox\64_
1447,allen-p\inbox\65_
1448,allen-p\inbox\66_
1449,allen-p\inbox\67_
1450,allen-p\inbox\68_
1460,allen-p\inbox\79_
1464,allen-p\inbox\85_
1466,allen-p\inbox\87_
1799,allen-p\sent\357_
2039,allen-p\sent\6_
2235,allen-p\sent_items\242_
2249,allen-p\sent_items\255_
2253,allen-p\sent_items\259_
2254,allen-p\sent_items\25_
2265,allen-p\sent_items\26_
2274,allen-p\sent_items\278_
2281,allen-p\sent_items\285_
2293,allen-p\sent_items\296_
2301,allen-p\sent_items\304_
2303,allen-p\sent_items\306_
2311,allen-p\sent_items\34_
2330,allen-p\sent_items\383_
2346,allen-p\sent_items\398_
2355,allen-p\sent_items\407_
2765,allen-p\_sent_mail\404_
2915,allen-p\_sent_mail\53_
3057,arnold-j\all_documents\1019_
3111,arnold-j\all_documents\120_
3239,arnold-j\all_documents\232_
3288,arnold-j\all_documents\277_
3293,arnold-j\all_documents\281_
3322,arnold-j\all_documents\307_
3396,arnold-j\all_documents\374_
3417,arnold-j\all_documents\393_
3447,arnold-j\all_documents\41_
3492,arnold-j\all_documents\460_
3541,arnold-j\all_documents\504_
3568,arnold-j\all_documents\529_
3625,arnold-j\all_documents\580_
3649,arnold-j\all_documents\601_
3658,arnold-j\all_documents\60_
3691,arnold-j\all_documents\640_
3703,arnold-j\all_documents\652_
3724,arnold-j\all_documents\671_
3797,arnold-j\all_documents\739_
3812,arnold-j\all_documents\752_
3813,arnold-j\all_documents\753_
3859,arnold-j\all_documents\797_
3875,arnold-j\all_documents\810_
3905,arnold-j\all_documents\838_
3917,arnold-j\all_documents\849_
3930,arnold-j\all_documents\860_
3949,arnold-j\all_documents\878_
3958,arnold-j\all_documents\886_
4120,arnold-j\compaq\5_
4176,arnold-j\deleted_items\132_
4180,arnold-j\deleted_items\136_
4198,arnold-j\deleted_items\152_
4203,arnold-j\deleted_items\157_
4218,arnold-j\deleted_items\170_
4233,arnold-j\deleted_items\184_
4238,arnold-j\deleted_items\189_
4270,arnold-j\deleted_items\217_
4288,arnold-j\deleted_items\234_
4312,arnold-j\deleted_items\257_
4314,arnold-j\deleted_items\259_
4360,arnold-j\deleted_items\301_
4371,arnold-j\deleted_items\311_
4375,arnold-j\deleted_items\315_
4394,arnold-j\deleted_items\333_
4395,arnold-j\deleted_items\334_
4410,arnold-j\deleted_items\348_
4431,arnold-j\deleted_items\367_
4441,arnold-j\deleted_items\376_
4457,arnold-j\deleted_items\390_
4499,arnold-j\deleted_items\42_
4505,arnold-j\deleted_items\435_
4509,arnold-j\deleted_items\439_
4517,arnold-j\deleted_items\446_
4525,arnold-j\deleted_items\453_
4526,arnold-j\deleted_items\454_
4528,arnold-j\deleted_items\456_
4537,arnold-j\deleted_items\464_
4545,arnold-j\deleted_items\471_
4552,arnold-j\deleted_items\479_
4566,arnold-j\deleted_items\494_
4579,arnold-j\deleted_items\507_
4590,arnold-j\deleted_items\517_
4598,arnold-j\deleted_items\524_
4611,arnold-j\deleted_items\537_
4615,arnold-j\deleted_items\540_
4628,arnold-j\deleted_items\552_
4632,arnold-j\deleted_items\556_
4633,arnold-j\deleted_items\557_
4648,arnold-j\deleted_items\570_
4649,arnold-j\deleted_items\571_
4654,arnold-j\deleted_items\576_
4657,arnold-j\deleted_items\579_
4667,arnold-j\deleted_items\619_
4669,arnold-j\deleted_items\620_
4671,arnold-j\deleted_items\622_
4679,arnold-j\deleted_items\62_
4685,arnold-j\deleted_items\635_
4692,arnold-j\deleted_items\642_
4695,arnold-j\deleted_items\645_
4703,arnold-j\deleted_items\652_
4711,arnold-j\deleted_items\660_
4712,arnold-j\deleted_items\661_
4729,arnold-j\deleted_items\677_
4730,arnold-j\deleted_items\678_
4733,arnold-j\deleted_items\680_
4736,arnold-j\deleted_items\683_
4743,arnold-j\deleted_items\68_
4744,arnold-j\deleted_items\690_
4758,arnold-j\deleted_items\702_
4760,arnold-j\deleted_items\704_
4761,arnold-j\deleted_items\705_
4762,arnold-j\deleted_items\706_
4772,arnold-j\deleted_items\715_
4809,arnold-j\deleted_items\749_
4810,arnold-j\deleted_items\74_
4811,arnold-j\deleted_items\750_
4819,arnold-j\deleted_items\758_
4857,arnold-j\deleted_items\94_
4867,arnold-j\discussion_threads\102_
4990,arnold-j\discussion_threads\26_
5083,arnold-j\discussion_threads\423_
5121,arnold-j\discussion_threads\458_
5126,arnold-j\discussion_threads\462_
5165,arnold-j\discussion_threads\498_
5174,arnold-j\discussion_threads\505_
5194,arnold-j\discussion_threads\523_
5214,arnold-j\discussion_threads\541_
5271,arnold-j\etol\1_
5273,arnold-j\etol\3_
5330,arnold-j\inbox\165_
5337,arnold-j\inbox\171_
5369,arnold-j\inbox\39_
5413,arnold-j\inbox\79_
5423,arnold-j\inbox\88_
5481,arnold-j\notes_inbox\44_
5502,arnold-j\notes_inbox\63_
5516,arnold-j\notes_inbox\76_
5575,arnold-j\sent\124_
5649,arnold-j\sent\191_
5671,arnold-j\sent\210_
5743,arnold-j\sent\276_
5793,arnold-j\sent\320_
5913,arnold-j\sent\430_
5930,arnold-j\sent\446_
5989,arnold-j\sent\49_
5997,arnold-j\sent\506_
6011,arnold-j\sent\519_
6013,arnold-j\sent\520_
6059,arnold-j\sent\563_
6073,arnold-j\sent\576_
6105,arnold-j\sent\604_
6117,arnold-j\sent\615_
6129,arnold-j\sent\626_
6149,arnold-j\sent\644_
6158,arnold-j\sent\652_
6303,arnold-j\sent\783_
6353,arnold-j\sent\94_
6358,arnold-j\sent\98_
6396,arnold-j\sent_items\132_
6409,arnold-j\sent_items\144_
6458,arnold-j\sent_items\189_
6474,arnold-j\sent_items\202_
6570,arnold-j\sent_items\293_
6571,arnold-j\sent_items\294_
6575,arnold-j\sent_items\298_
6581,arnold-j\sent_items\302_
6585,arnold-j\sent_items\306_
6586,arnold-j\sent_items\307_
6676,arnold-j\sent_items\38_
6685,arnold-j\sent_items\398_
6805,arnold-j\sent_items\506_
6852,arnold-j\sent_items\54_
6871,arnold-j\sent_items\567_
6903,arnold-j\sent_items\596_
6905,arnold-j\sent_items\598_
6910,arnold-j\sent_items\601_
6950,arnold-j\sent_items\638_
7006,arnold-j\sent_items\749_
7010,arnold-j\sent_items\752_
7027,arnold-j\sent_items\768_
7028,arnold-j\sent_items\769_
7052,arnold-j\sent_items\790_
7054,arnold-j\sent_items\792_
7056,arnold-j\sent_items\794_
7146,arnold-j\_sent_mail\122_
7219,arnold-j\_sent_mail\189_
7241,arnold-j\_sent_mail\208_
7314,arnold-j\_sent_mail\274_
7363,arnold-j\_sent_mail\318_
7483,arnold-j\_sent_mail\426_
7501,arnold-j\_sent_mail\442_
7542,arnold-j\_sent_mail\47_
7568,arnold-j\_sent_mail\502_
7582,arnold-j\_sent_mail\515_
7583,arnold-j\_sent_mail\516_
7629,arnold-j\_sent_mail\559_
7644,arnold-j\_sent_mail\572_
7676,arnold-j\_sent_mail\600_
7688,arnold-j\_sent_mail\611_
7700,arnold-j\_sent_mail\622_
7720,arnold-j\_sent_mail\640_
7728,arnold-j\_sent_mail\648_
7873,arnold-j\_sent_mail\779_
7922,arnold-j\_sent_mail\92_
7927,arnold-j\_sent_mail\96_
7964,arora-h\all_documents\3_
7974,arora-h\all_documents\49_
8011,arora-h\deleted_items\114_
8012,arora-h\deleted_items\115_
8018,arora-h\deleted_items\120_
8034,arora-h\deleted_items\135_
8045,arora-h\deleted_items\145_
8064,arora-h\deleted_items\163_
8166,arora-h\deleted_items\73_
8226,arora-h\discussion_threads\3_
8233,arora-h\discussion_threads\46_
8283,arora-h\inbox\saved_mail\28_
8291,arora-h\inbox\saved_mail\35_
8303,arora-h\inbox\saved_mail\46_
8379,arora-h\inbox\68_
8447,arora-h\savedmail\45_
8458,arora-h\savedmail\55_
8478,arora-h\savedmail\73_
8480,arora-h\savedmail\75_
8483,arora-h\savedmail\78_
8484,arora-h\savedmail\79_
8496,arora-h\savedmail\8_
8601,badeer-r\all_documents\114_
8608,badeer-r\all_documents\120_
8609,badeer-r\all_documents\121_
8616,badeer-r\all_documents\128_
8620,badeer-r\all_documents\131_
8624,badeer-r\all_documents\135_
8645,badeer-r\all_documents\154_
8652,badeer-r\all_documents\160_
8670,badeer-r\all_documents\177_
8767,badeer-r\all_documents\265_
8774,badeer-r\all_documents\271_
8807,badeer-r\all_documents\300_
8826,badeer-r\all_documents\47_
8829,badeer-r\all_documents\4_
8854,badeer-r\all_documents\72_
8860,badeer-r\all_documents\78_
8865,badeer-r\all_documents\82_
8871,badeer-r\all_documents\88_
8905,badeer-r\california\29_
8941,badeer-r\california\61_
8975,badeer-r\deleted_items\1_
8978,badeer-r\deleted_items\4_
8991,badeer-r\discussion_threads\107_
9010,badeer-r\discussion_threads\124_
9017,badeer-r\discussion_threads\130_
9033,badeer-r\discussion_threads\145_
9037,badeer-r\discussion_threads\149_
9041,badeer-r\discussion_threads\152_
9048,badeer-r\discussion_threads\159_
9050,badeer-r\discussion_threads\160_
9056,badeer-r\discussion_threads\166_
9081,badeer-r\discussion_threads\189_
9088,badeer-r\discussion_threads\195_
9092,badeer-r\discussion_threads\199_
9100,badeer-r\discussion_threads\205_
9128,badeer-r\discussion_threads\230_
9174,badeer-r\discussion_threads\273_
9179,badeer-r\discussion_threads\278_
9180,badeer-r\discussion_threads\27_
9185,badeer-r\discussion_threads\31_
9261,badeer-r\dj_articles\1_
9262,badeer-r\dj_articles\2_
9263,badeer-r\dj_articles\3_
9264,badeer-r\dj_articles\4_
9265,badeer-r\dj_articles\5_
9266,badeer-r\dj_articles\6_
9267,badeer-r\dj_articles\7_
9284,badeer-r\notes_inbox\102_
9299,badeer-r\notes_inbox\116_
9338,badeer-r\notes_inbox\47_
9341,badeer-r\notes_inbox\4_
9366,badeer-r\notes_inbox\72_
9372,badeer-r\notes_inbox\78_
9378,badeer-r\notes_inbox\83_
9403,badeer-r\sent_items\1_
9455,badeer-r\_sent_mail\51_
9458,badeer-r\_sent_mail\5_
9466,bailey-s\all_documents\13_
9657,bailey-s\deleted_items\262_
9748,bailey-s\deleted_items\344_
9749,bailey-s\deleted_items\345_
9750,bailey-s\deleted_items\346_
9770,bailey-s\deleted_items\364_
9886,bailey-s\deleted_items\76_
9921,bailey-s\notes_inbox\4_
9942,bass-e\all_documents\1001_
