250,allen-p\all_documents\32_
277,allen-p\all_documents\355_
311,allen-p\all_documents\386_
338,allen-p\all_documents\40_
447,allen-p\all_documents\508_
524,allen-p\all_documents\578_
650,allen-p\deleted_items\11_
659,allen-p\deleted_items\128_
782,allen-p\deleted_items\248_
863,allen-p\deleted_items\38_
973,allen-p\deleted_items\83_
1106,allen-p\discussion_threads\204_
1182,allen-p\discussion_threads\400_
1234,allen-p\discussion_threads\448_
1350,allen-p\discussion_threads\552_
1454,allen-p\inbox\71_
1489,allen-p\notes_inbox\30_
1496,allen-p\notes_inbox\37_
1504,allen-p\notes_inbox\44_
1762,allen-p\sent\323_
1894,allen-p\sent\442_
1970,allen-p\sent\510_
2119,allen-p\sent_items\137_
2241,allen-p\sent_items\248_
2380,allen-p\sent_items\60_
2420,allen-p\sent_items\97_
2613,allen-p\_sent_mail\25_
2731,allen-p\_sent_mail\370_
2858,allen-p\_sent_mail\489_
2934,allen-p\_sent_mail\557_
3079,arnold-j\all_documents\1039_
3081,arnold-j\all_documents\1040_
3115,arnold-j\all_documents\124_
3118,arnold-j\all_documents\127_
3134,arnold-j\all_documents\13_
3165,arnold-j\all_documents\166_
3167,arnold-j\all_documents\168_
3172,arnold-j\all_documents\172_
3173,arnold-j\all_documents\173_
3174,arnold-j\all_documents\174_
3221,arnold-j\all_documents\216_
3362,arnold-j\all_documents\343_
3491,arnold-j\all_documents\45_
3536,arnold-j\all_documents\4_
3538,arnold-j\all_documents\501_
3626,arnold-j\all_documents\581_
3631,arnold-j\all_documents\586_
3635,arnold-j\all_documents\58_
3653,arnold-j\all_documents\605_
3690,arnold-j\all_documents\63_
3711,arnold-j\all_documents\65_
3733,arnold-j\all_documents\67_
3768,arnold-j\all_documents\710_
3831,arnold-j\all_documents\770_
3836,arnold-j\all_documents\775_
3871,arnold-j\all_documents\807_
3907,arnold-j\all_documents\83_
3922,arnold-j\all_documents\853_
3923,arnold-j\all_documents\854_
3938,arnold-j\all_documents\868_
3948,arnold-j\all_documents\877_
3952,arnold-j\all_documents\880_
3969,arnold-j\all_documents\896_
4043,arnold-j\all_documents\963_
4050,arnold-j\all_documents\96_
4126,arnold-j\continental_airlines\10_
4127,arnold-j\continental_airlines\11_
4128,arnold-j\continental_airlines\12_
4129,arnold-j\continental_airlines\1_
4133,arnold-j\continental_airlines\5_
4134,arnold-j\continental_airlines\6_
4136,arnold-j\continental_airlines\8_
4137,arnold-j\continental_airlines\9_
4144,arnold-j\deleted_items\103_
4219,arnold-j\deleted_items\171_
4227,arnold-j\deleted_items\179_
4244,arnold-j\deleted_items\194_
4260,arnold-j\deleted_items\208_
4267,arnold-j\deleted_items\214_
4282,arnold-j\deleted_items\229_
4311,arnold-j\deleted_items\256_
4322,arnold-j\deleted_items\266_
4333,arnold-j\deleted_items\276_
4373,arnold-j\deleted_items\313_
4383,arnold-j\deleted_items\323_
4501,arnold-j\deleted_items\431_
4613,arnold-j\deleted_items\539_
4617,arnold-j\deleted_items\542_
4622,arnold-j\deleted_items\547_
4626,arnold-j\deleted_items\550_
4643,arnold-j\deleted_items\566_
4647,arnold-j\deleted_items\56_
4754,arnold-j\deleted_items\69_
4758,arnold-j\deleted_items\702_
4808,arnold-j\deleted_items\748_
4809,arnold-j\deleted_items\749_
4817,arnold-j\deleted_items\756_
4842,arnold-j\deleted_items\80_
4935,arnold-j\discussion_threads\164_
4959,arnold-j\discussion_threads\186_
4960,arnold-j\discussion_threads\187_
4961,arnold-j\discussion_threads\188_
4962,arnold-j\discussion_threads\189_
4967,arnold-j\discussion_threads\193_
5005,arnold-j\discussion_threads\353_
5084,arnold-j\discussion_threads\424_
5099,arnold-j\discussion_threads\438_
5189,arnold-j\discussion_threads\519_
5208,arnold-j\discussion_threads\536_
5213,arnold-j\discussion_threads\540_
5274,arnold-j\fedex\1_
5275,arnold-j\fedex\2_
5283,arnold-j\hp\12_
5348,arnold-j\inbox\209_
5369,arnold-j\inbox\39_
5386,arnold-j\inbox\54_
5435,arnold-j\inbox\99_
5449,arnold-j\notes_inbox\15_
5452,arnold-j\notes_inbox\18_
5453,arnold-j\notes_inbox\19_
5471,arnold-j\notes_inbox\35_
5482,arnold-j\notes_inbox\45_
5488,arnold-j\notes_inbox\50_
5506,arnold-j\notes_inbox\67_
5581,arnold-j\sent\12_
5614,arnold-j\sent\15_
5615,arnold-j\sent\160_
5789,arnold-j\sent\317_
5966,arnold-j\sent\479_
6030,arnold-j\sent\537_
6036,arnold-j\sent\542_
6070,arnold-j\sent\573_
6121,arnold-j\sent\619_
6123,arnold-j\sent\620_
6138,arnold-j\sent\634_
6148,arnold-j\sent\643_
6151,arnold-j\sent\646_
6169,arnold-j\sent\662_
6242,arnold-j\sent\728_
6326,arnold-j\sent\803_
6327,arnold-j\sent\804_
6398,arnold-j\sent_items\134_
6408,arnold-j\sent_items\143_
6430,arnold-j\sent_items\163_
6832,arnold-j\sent_items\530_
7069,arnold-j\sent_items\87_
7128,arnold-j\_sent_mail\10_
7165,arnold-j\_sent_mail\13_
7185,arnold-j\_sent_mail\158_
7360,arnold-j\_sent_mail\315_
7537,arnold-j\_sent_mail\475_
7601,arnold-j\_sent_mail\533_
7606,arnold-j\_sent_mail\538_
7640,arnold-j\_sent_mail\569_
7692,arnold-j\_sent_mail\615_
7693,arnold-j\_sent_mail\616_
7709,arnold-j\_sent_mail\630_
7718,arnold-j\_sent_mail\639_
7722,arnold-j\_sent_mail\642_
7739,arnold-j\_sent_mail\658_
7813,arnold-j\_sent_mail\724_
7895,arnold-j\_sent_mail\799_
7898,arnold-j\_sent_mail\800_
8011,arora-h\deleted_items\114_
8049,arora-h\deleted_items\149_
8079,arora-h\deleted_items\177_
8086,arora-h\deleted_items\184_
8112,arora-h\deleted_items\25_
8162,arora-h\deleted_items\6_
8163,arora-h\deleted_items\70_
8191,arora-h\deleted_items\98_
8342,arora-h\inbox\22_
8369,arora-h\inbox\52_
8406,arora-h\inbox\93_
8521,arora-h\sent_items\22_
8620,badeer-r\all_documents\131_
8634,badeer-r\all_documents\144_
8739,badeer-r\all_documents\23_
8839,badeer-r\all_documents\59_
8856,badeer-r\all_documents\74_
8957,badeer-r\cal_articles\3_
9025,badeer-r\discussion_threads\138_
9037,badeer-r\discussion_threads\149_
9098,badeer-r\discussion_threads\203_
9114,badeer-r\discussion_threads\218_
9153,badeer-r\discussion_threads\254_
9265,badeer-r\dj_articles\5_
9313,badeer-r\notes_inbox\23_
9351,badeer-r\notes_inbox\59_
9368,badeer-r\notes_inbox\74_
9581,bailey-s\deleted_items\194_
