28,allen-p\all_documents\126_
37,allen-p\all_documents\135_
43,allen-p\all_documents\141_
48,allen-p\all_documents\146_
108,allen-p\all_documents\1_
145,allen-p\all_documents\234_
290,allen-p\all_documents\367_
476,allen-p\all_documents\534_
630,allen-p\deleted_items\100_
634,allen-p\deleted_items\104_
644,allen-p\deleted_items\113_
664,allen-p\deleted_items\132_
666,allen-p\deleted_items\134_
693,allen-p\deleted_items\160_
694,allen-p\deleted_items\161_
723,allen-p\deleted_items\189_
726,allen-p\deleted_items\191_
732,allen-p\deleted_items\198_
736,allen-p\deleted_items\200_
740,allen-p\deleted_items\204_
770,allen-p\deleted_items\236_
795,allen-p\deleted_items\25_
882,allen-p\deleted_items\407_
898,allen-p\deleted_items\421_
1016,allen-p\discussion_threads\123_
1021,allen-p\discussion_threads\128_
1025,allen-p\discussion_threads\131_
1032,allen-p\discussion_threads\138_
1135,allen-p\discussion_threads\233_
1217,allen-p\discussion_threads\432_
1339,allen-p\discussion_threads\542_
1369,allen-p\discussion_threads\69_
1477,allen-p\notes_inbox\1_
1521,allen-p\sent\104_
1613,allen-p\sent\188_
1741,allen-p\sent\304_
1921,allen-p\sent\467_
2061,allen-p\sent\84_
2071,allen-p\sent\93_
2077,allen-p\sent\99_
2140,allen-p\sent_items\157_
2205,allen-p\sent_items\215_
2358,allen-p\sent_items\41_
2471,allen-p\_sent_mail\131_
2481,allen-p\_sent_mail\140_
2487,allen-p\_sent_mail\146_
2493,allen-p\_sent_mail\151_
2586,allen-p\_sent_mail\235_
2712,allen-p\_sent_mail\351_
2887,allen-p\_sent_mail\514_
2998,allen-p\_sent_mail\6_
3079,arnold-j\all_documents\1039_
3081,arnold-j\all_documents\1040_
3114,arnold-j\all_documents\123_
3236,arnold-j\all_documents\22_
3524,arnold-j\all_documents\48_
3541,arnold-j\all_documents\504_
3576,arnold-j\all_documents\536_
3653,arnold-j\all_documents\605_
3654,arnold-j\all_documents\606_
3887,arnold-j\all_documents\821_
3897,arnold-j\all_documents\830_
3898,arnold-j\all_documents\831_
3899,arnold-j\all_documents\832_
3914,arnold-j\all_documents\846_
3923,arnold-j\all_documents\854_
3961,arnold-j\all_documents\889_
3970,arnold-j\all_documents\897_
3979,arnold-j\all_documents\905_
4148,arnold-j\deleted_items\107_
4176,arnold-j\deleted_items\132_
4179,arnold-j\deleted_items\135_
4225,arnold-j\deleted_items\177_
4227,arnold-j\deleted_items\179_
4248,arnold-j\deleted_items\198_
4310,arnold-j\deleted_items\255_
4322,arnold-j\deleted_items\266_
4326,arnold-j\deleted_items\26_
4339,arnold-j\deleted_items\281_
4342,arnold-j\deleted_items\284_
4343,arnold-j\deleted_items\285_
4394,arnold-j\deleted_items\333_
4401,arnold-j\deleted_items\33_
4403,arnold-j\deleted_items\341_
4423,arnold-j\deleted_items\35_
4429,arnold-j\deleted_items\365_
4439,arnold-j\deleted_items\374_
4474,arnold-j\deleted_items\406_
4509,arnold-j\deleted_items\439_
4541,arnold-j\deleted_items\468_
4545,arnold-j\deleted_items\471_
4548,arnold-j\deleted_items\474_
4556,arnold-j\deleted_items\482_
4558,arnold-j\deleted_items\484_
4578,arnold-j\deleted_items\506_
4590,arnold-j\deleted_items\517_
4591,arnold-j\deleted_items\518_
4617,arnold-j\deleted_items\542_
4633,arnold-j\deleted_items\557_
4647,arnold-j\deleted_items\56_
4672,arnold-j\deleted_items\623_
4687,arnold-j\deleted_items\638_
4712,arnold-j\deleted_items\661_
4754,arnold-j\deleted_items\69_
4757,arnold-j\deleted_items\701_
4758,arnold-j\deleted_items\702_
4764,arnold-j\deleted_items\708_
4808,arnold-j\deleted_items\748_
4809,arnold-j\deleted_items\749_
4811,arnold-j\deleted_items\750_
4827,arnold-j\deleted_items\765_
4845,arnold-j\deleted_items\83_
5005,arnold-j\discussion_threads\353_
5088,arnold-j\discussion_threads\428_
5188,arnold-j\discussion_threads\518_
5189,arnold-j\discussion_threads\519_
5334,arnold-j\inbox\169_
5350,arnold-j\inbox\21_
5369,arnold-j\inbox\39_
5386,arnold-j\inbox\54_
5390,arnold-j\inbox\58_
5438,arnold-j\kinko_s\2_
5439,arnold-j\kinko_s\3_
5506,arnold-j\notes_inbox\67_
5507,arnold-j\notes_inbox\68_
5541,arnold-j\sap\1_
5793,arnold-j\sent\320_
5827,arnold-j\sent\351_
6085,arnold-j\sent\587_
6095,arnold-j\sent\596_
6096,arnold-j\sent\597_
6097,arnold-j\sent\598_
6114,arnold-j\sent\612_
6123,arnold-j\sent\620_
6161,arnold-j\sent\655_
6170,arnold-j\sent\663_
6178,arnold-j\sent\670_
6326,arnold-j\sent\803_
6327,arnold-j\sent\804_
6430,arnold-j\sent_items\163_
6497,arnold-j\sent_items\223_
6572,arnold-j\sent_items\295_
6709,arnold-j\sent_items\419_
6716,arnold-j\sent_items\425_
6780,arnold-j\sent_items\484_
6892,arnold-j\sent_items\586_
7363,arnold-j\_sent_mail\318_
7397,arnold-j\_sent_mail\349_
7656,arnold-j\_sent_mail\583_
7666,arnold-j\_sent_mail\592_
7667,arnold-j\_sent_mail\593_
7668,arnold-j\_sent_mail\594_
7684,arnold-j\_sent_mail\608_
7693,arnold-j\_sent_mail\616_
7732,arnold-j\_sent_mail\651_
7740,arnold-j\_sent_mail\659_
7748,arnold-j\_sent_mail\666_
7895,arnold-j\_sent_mail\799_
7898,arnold-j\_sent_mail\800_
7950,arora-h\all_documents\27_
7966,arora-h\all_documents\41_
8009,arora-h\deleted_items\111_
8011,arora-h\deleted_items\114_
8019,arora-h\deleted_items\121_
8020,arora-h\deleted_items\122_
8024,arora-h\deleted_items\126_
8046,arora-h\deleted_items\146_
8048,arora-h\deleted_items\148_
8064,arora-h\deleted_items\163_
8073,arora-h\deleted_items\171_
8080,arora-h\deleted_items\178_
8083,arora-h\deleted_items\180_
8110,arora-h\deleted_items\23_
8126,arora-h\deleted_items\37_
8147,arora-h\deleted_items\56_
8151,arora-h\deleted_items\5_
8159,arora-h\deleted_items\67_
8160,arora-h\deleted_items\68_
8161,arora-h\deleted_items\69_
8164,arora-h\deleted_items\71_
8171,arora-h\deleted_items\78_
8210,arora-h\discussion_threads\25_
8225,arora-h\discussion_threads\39_
8270,arora-h\inbox\saved_mail\16_
8333,arora-h\inbox\14_
8344,arora-h\inbox\24_
8379,arora-h\inbox\68_
8391,arora-h\inbox\7_
8405,arora-h\inbox\92_
8412,arora-h\savedmail\13_
8424,arora-h\savedmail\24_
8464,arora-h\savedmail\60_
8620,badeer-r\all_documents\131_
8652,badeer-r\all_documents\160_
8668,badeer-r\all_documents\175_
8804,badeer-r\all_documents\299_
8807,badeer-r\all_documents\300_
8808,badeer-r\all_documents\301_
8817,badeer-r\all_documents\39_
8864,badeer-r\all_documents\81_
8962,badeer-r\cal_articles\8_
8993,badeer-r\discussion_threads\109_
9010,badeer-r\discussion_threads\124_
9037,badeer-r\discussion_threads\149_
9089,badeer-r\discussion_threads\196_
9094,badeer-r\discussion_threads\1_
9136,badeer-r\discussion_threads\238_
9178,badeer-r\discussion_threads\277_
9179,badeer-r\discussion_threads\278_
9265,badeer-r\dj_articles\5_
9272,badeer-r\memo_s\1_
9277,badeer-r\memo_s\6_
9284,badeer-r\notes_inbox\102_
9299,badeer-r\notes_inbox\116_
9329,badeer-r\notes_inbox\39_
9402,badeer-r\press_releases\6_
9708,bailey-s\deleted_items\308_
9962,bass-e\all_documents\101_
