0,allen-p\all_documents\100_
1,allen-p\all_documents\101_
28,allen-p\all_documents\126_
37,allen-p\all_documents\135_
43,allen-p\all_documents\141_
45,allen-p\all_documents\143_
51,allen-p\all_documents\149_
57,allen-p\all_documents\154_
108,allen-p\all_documents\1_
136,allen-p\all_documents\225_
143,allen-p\all_documents\232_
166,allen-p\all_documents\253_
260,allen-p\all_documents\339_
440,allen-p\all_documents\501_
469,allen-p\all_documents\528_
476,allen-p\all_documents\534_
502,allen-p\all_documents\558_
630,allen-p\deleted_items\100_
634,allen-p\deleted_items\104_
653,allen-p\deleted_items\122_
664,allen-p\deleted_items\132_
709,allen-p\deleted_items\176_
748,allen-p\deleted_items\211_
760,allen-p\deleted_items\227_
789,allen-p\deleted_items\254_
822,allen-p\deleted_items\350_
870,allen-p\deleted_items\396_
885,allen-p\deleted_items\40_
900,allen-p\deleted_items\423_
912,allen-p\deleted_items\435_
1009,allen-p\discussion_threads\117_
1014,allen-p\discussion_threads\121_
1019,allen-p\discussion_threads\126_
1021,allen-p\discussion_threads\128_
1025,allen-p\discussion_threads\131_
1032,allen-p\discussion_threads\138_
1055,allen-p\discussion_threads\159_
1057,allen-p\discussion_threads\160_
1135,allen-p\discussion_threads\233_
1198,allen-p\discussion_threads\415_
1217,allen-p\discussion_threads\432_
1221,allen-p\discussion_threads\436_
1241,allen-p\discussion_threads\454_
1356,allen-p\discussion_threads\57_
1371,allen-p\discussion_threads\70_
1431,allen-p\inbox\36_
1477,allen-p\notes_inbox\1_
1518,allen-p\sent\101_
1524,allen-p\sent\107_
1530,allen-p\sent\112_
1603,allen-p\sent\179_
1611,allen-p\sent\186_
1635,allen-p\sent\207_
1723,allen-p\sent\288_
1886,allen-p\sent\435_
1916,allen-p\sent\462_
1921,allen-p\sent\467_
1948,allen-p\sent\491_
2025,allen-p\sent\58_
2026,allen-p\sent\59_
2061,allen-p\sent\84_
2071,allen-p\sent\93_
2077,allen-p\sent\99_
2349,allen-p\sent_items\3_
2352,allen-p\sent_items\402_
2420,allen-p\sent_items\97_
2442,allen-p\_sent_mail\105_
2443,allen-p\_sent_mail\106_
2471,allen-p\_sent_mail\131_
2481,allen-p\_sent_mail\140_
2487,allen-p\_sent_mail\146_
2489,allen-p\_sent_mail\148_
2496,allen-p\_sent_mail\154_
2501,allen-p\_sent_mail\159_
2576,allen-p\_sent_mail\226_
2584,allen-p\_sent_mail\233_
2607,allen-p\_sent_mail\254_
2696,allen-p\_sent_mail\335_
2851,allen-p\_sent_mail\482_
2881,allen-p\_sent_mail\509_
2887,allen-p\_sent_mail\514_
2913,allen-p\_sent_mail\538_
3079,arnold-j\all_documents\1039_
3081,arnold-j\all_documents\1040_
3083,arnold-j\all_documents\1042_
3111,arnold-j\all_documents\120_
3119,arnold-j\all_documents\128_
3126,arnold-j\all_documents\134_
3161,arnold-j\all_documents\162_
3179,arnold-j\all_documents\179_
3199,arnold-j\all_documents\197_
3217,arnold-j\all_documents\212_
3295,arnold-j\all_documents\283_
3306,arnold-j\all_documents\293_
3359,arnold-j\all_documents\340_
3367,arnold-j\all_documents\348_
3368,arnold-j\all_documents\349_
3421,arnold-j\all_documents\397_
3436,arnold-j\all_documents\40_
3438,arnold-j\all_documents\411_
3541,arnold-j\all_documents\504_
3653,arnold-j\all_documents\605_
3654,arnold-j\all_documents\606_
3711,arnold-j\all_documents\65_
3835,arnold-j\all_documents\774_
3883,arnold-j\all_documents\818_
3897,arnold-j\all_documents\830_
3898,arnold-j\all_documents\831_
3899,arnold-j\all_documents\832_
3995,arnold-j\all_documents\91_
4076,arnold-j\all_documents\993_
4100,arnold-j\bmc\4_
4119,arnold-j\compaq\4_
4120,arnold-j\compaq\5_
4137,arnold-j\continental_airlines\9_
4139,arnold-j\corestaff\1_
4140,arnold-j\corestaff\2_
4179,arnold-j\deleted_items\135_
4199,arnold-j\deleted_items\153_
4207,arnold-j\deleted_items\160_
4225,arnold-j\deleted_items\177_
4227,arnold-j\deleted_items\179_
4241,arnold-j\deleted_items\191_
4248,arnold-j\deleted_items\198_
4259,arnold-j\deleted_items\207_
4260,arnold-j\deleted_items\208_
4294,arnold-j\deleted_items\240_
4310,arnold-j\deleted_items\255_
4322,arnold-j\deleted_items\266_
4339,arnold-j\deleted_items\281_
4351,arnold-j\deleted_items\293_
4373,arnold-j\deleted_items\313_
4383,arnold-j\deleted_items\323_
4386,arnold-j\deleted_items\326_
4401,arnold-j\deleted_items\33_
4403,arnold-j\deleted_items\341_
4435,arnold-j\deleted_items\370_
4474,arnold-j\deleted_items\406_
4509,arnold-j\deleted_items\439_
4510,arnold-j\deleted_items\43_
4530,arnold-j\deleted_items\458_
4537,arnold-j\deleted_items\464_
4541,arnold-j\deleted_items\468_
4545,arnold-j\deleted_items\471_
4555,arnold-j\deleted_items\481_
4556,arnold-j\deleted_items\482_
4558,arnold-j\deleted_items\484_
4561,arnold-j\deleted_items\48_
4589,arnold-j\deleted_items\516_
4591,arnold-j\deleted_items\518_
4617,arnold-j\deleted_items\542_
4640,arnold-j\deleted_items\563_
4671,arnold-j\deleted_items\622_
4712,arnold-j\deleted_items\661_
4752,arnold-j\deleted_items\698_
4754,arnold-j\deleted_items\69_
4758,arnold-j\deleted_items\702_
4762,arnold-j\deleted_items\706_
4764,arnold-j\deleted_items\708_
4789,arnold-j\deleted_items\730_
4790,arnold-j\deleted_items\731_
4809,arnold-j\deleted_items\749_
4811,arnold-j\deleted_items\750_
4836,arnold-j\deleted_items\773_
4881,arnold-j\discussion_threads\115_
4902,arnold-j\discussion_threads\134_
4953,arnold-j\discussion_threads\180_
4969,arnold-j\discussion_threads\195_
5005,arnold-j\discussion_threads\353_
5111,arnold-j\discussion_threads\449_
5188,arnold-j\discussion_threads\518_
5189,arnold-j\discussion_threads\519_
5252,arnold-j\discussion_threads\88_
5259,arnold-j\discussion_threads\94_
5369,arnold-j\inbox\39_
5383,arnold-j\inbox\51_
5386,arnold-j\inbox\54_
5390,arnold-j\inbox\58_
5447,arnold-j\notes_inbox\13_
5458,arnold-j\notes_inbox\23_
5506,arnold-j\notes_inbox\67_
5507,arnold-j\notes_inbox\68_
5545,arnold-j\sent\100_
5556,arnold-j\sent\110_
5611,arnold-j\sent\157_
5620,arnold-j\sent\165_
5621,arnold-j\sent\166_
5675,arnold-j\sent\214_
5690,arnold-j\sent\228_
5747,arnold-j\sent\27_
5793,arnold-j\sent\320_
5869,arnold-j\sent\38_
6035,arnold-j\sent\541_
6082,arnold-j\sent\584_
6095,arnold-j\sent\596_
6096,arnold-j\sent\597_
6097,arnold-j\sent\598_
6275,arnold-j\sent\758_
6326,arnold-j\sent\803_
6327,arnold-j\sent\804_
6329,arnold-j\sent\806_
6430,arnold-j\sent_items\163_
6892,arnold-j\sent_items\586_
6962,arnold-j\sent_items\709_
6967,arnold-j\sent_items\713_
7013,arnold-j\sent_items\755_
7126,arnold-j\_sent_mail\108_
7182,arnold-j\_sent_mail\155_
7191,arnold-j\_sent_mail\163_
7192,arnold-j\_sent_mail\164_
7246,arnold-j\_sent_mail\212_
7261,arnold-j\_sent_mail\226_
7298,arnold-j\_sent_mail\25_
7363,arnold-j\_sent_mail\318_
7420,arnold-j\_sent_mail\36_
7605,arnold-j\_sent_mail\537_
7653,arnold-j\_sent_mail\580_
7666,arnold-j\_sent_mail\592_
7667,arnold-j\_sent_mail\593_
7668,arnold-j\_sent_mail\594_
7846,arnold-j\_sent_mail\754_
7895,arnold-j\_sent_mail\799_
7898,arnold-j\_sent_mail\800_
7900,arnold-j\_sent_mail\802_
7929,arnold-j\_sent_mail\98_
7932,arora-h\all_documents\10_
7969,arora-h\all_documents\44_
8018,arora-h\deleted_items\120_
8024,arora-h\deleted_items\126_
8025,arora-h\deleted_items\127_
8039,arora-h\deleted_items\13_
8050,arora-h\deleted_items\14_
8062,arora-h\deleted_items\161_
8064,arora-h\deleted_items\163_
8083,arora-h\deleted_items\180_
8099,arora-h\deleted_items\196_
8110,arora-h\deleted_items\23_
8111,arora-h\deleted_items\24_
8141,arora-h\deleted_items\50_
8146,arora-h\deleted_items\55_
8149,arora-h\deleted_items\58_
8164,arora-h\deleted_items\71_
8169,arora-h\deleted_items\76_
8191,arora-h\deleted_items\98_
8194,arora-h\discussion_threads\10_
8229,arora-h\discussion_threads\42_
8352,arora-h\inbox\31_
8372,arora-h\inbox\60_
8379,arora-h\inbox\68_
8394,arora-h\inbox\82_
8440,arora-h\savedmail\39_
8520,arora-h\sent_items\21_
8580,arora-h\vanderbilt\4_
8601,badeer-r\all_documents\114_
8608,badeer-r\all_documents\120_
8613,badeer-r\all_documents\125_
8615,badeer-r\all_documents\127_
8620,badeer-r\all_documents\131_
8624,badeer-r\all_documents\135_
8632,badeer-r\all_documents\142_
8634,badeer-r\all_documents\144_
8639,badeer-r\all_documents\149_
8652,badeer-r\all_documents\160_
8670,badeer-r\all_documents\177_
8699,badeer-r\all_documents\202_
8767,badeer-r\all_documents\265_
8772,badeer-r\all_documents\26_
8789,badeer-r\all_documents\285_
8799,badeer-r\all_documents\294_
8808,badeer-r\all_documents\301_
8897,badeer-r\california\21_
8905,badeer-r\california\29_
8916,badeer-r\california\39_
8941,badeer-r\california\61_
8957,badeer-r\cal_articles\3_
8962,badeer-r\cal_articles\8_
8991,badeer-r\discussion_threads\107_
9010,badeer-r\discussion_threads\124_
9021,badeer-r\discussion_threads\134_
9025,badeer-r\discussion_threads\138_
9026,badeer-r\discussion_threads\139_
9033,badeer-r\discussion_threads\145_
9037,badeer-r\discussion_threads\149_
9042,badeer-r\discussion_threads\153_
9044,badeer-r\discussion_threads\155_
9049,badeer-r\discussion_threads\15_
9050,badeer-r\discussion_threads\160_
9056,badeer-r\discussion_threads\166_
9150,badeer-r\discussion_threads\251_
9178,badeer-r\discussion_threads\277_
9185,badeer-r\discussion_threads\31_
9227,badeer-r\discussion_threads\6_
9245,badeer-r\discussion_threads\86_
9262,badeer-r\dj_articles\2_
9265,badeer-r\dj_articles\5_
9266,badeer-r\dj_articles\6_
9279,badeer-r\memo_s\8_
9284,badeer-r\notes_inbox\102_
9316,badeer-r\notes_inbox\26_
9395,badeer-r\notes_inbox\99_
9397,badeer-r\press_releases\1_
9458,badeer-r\_sent_mail\5_
9459,badeer-r\_sent_mail\6_
9462,badeer-r\_sent_mail\9_
9479,bailey-s\deleted_items\100_
9522,bailey-s\deleted_items\13_
9567,bailey-s\deleted_items\181_
9626,bailey-s\deleted_items\234_
9757,bailey-s\deleted_items\352_
9811,bailey-s\deleted_items\400_
9893,bailey-s\deleted_items\82_
9984,bass-e\all_documents\103_
