34,allen-p\all_documents\132_
98,allen-p\all_documents\191_
107,allen-p\all_documents\19_
154,allen-p\all_documents\242_
213,allen-p\all_documents\296_
214,allen-p\all_documents\298_
257,allen-p\all_documents\336_
276,allen-p\all_documents\354_
291,allen-p\all_documents\368_
294,allen-p\all_documents\370_
312,allen-p\all_documents\387_
343,allen-p\all_documents\414_
378,allen-p\all_documents\446_
381,allen-p\all_documents\449_
387,allen-p\all_documents\454_
392,allen-p\all_documents\459_
394,allen-p\all_documents\460_
400,allen-p\all_documents\466_
433,allen-p\all_documents\496_
497,allen-p\all_documents\553_
531,allen-p\all_documents\584_
573,allen-p\all_documents\622_
633,allen-p\deleted_items\103_
660,allen-p\deleted_items\129_
664,allen-p\deleted_items\132_
752,allen-p\deleted_items\215_
851,allen-p\deleted_items\379_
854,allen-p\deleted_items\381_
888,allen-p\deleted_items\412_
1023,allen-p\discussion_threads\12_
1028,allen-p\discussion_threads\134_
1119,allen-p\discussion_threads\217_
1145,allen-p\discussion_threads\31_
1146,allen-p\discussion_threads\32_
1153,allen-p\discussion_threads\374_
1176,allen-p\discussion_threads\396_
1200,allen-p\discussion_threads\417_
1270,allen-p\discussion_threads\480_
1274,allen-p\discussion_threads\484_
1278,allen-p\discussion_threads\488_
1283,allen-p\discussion_threads\492_
1311,allen-p\discussion_threads\517_
1324,allen-p\discussion_threads\529_
1335,allen-p\discussion_threads\539_
1338,allen-p\discussion_threads\541_
1351,allen-p\discussion_threads\553_
1398,allen-p\discussion_threads\95_
1429,allen-p\inbox\34_
1476,allen-p\notes_inbox\19_
1503,allen-p\notes_inbox\43_
1568,allen-p\sent\147_
1622,allen-p\sent\196_
1681,allen-p\sent\249_
1683,allen-p\sent\251_
1720,allen-p\sent\285_
1742,allen-p\sent\305_
1744,allen-p\sent\307_
1763,allen-p\sent\324_
1792,allen-p\sent\350_
1827,allen-p\sent\382_
1830,allen-p\sent\385_
1836,allen-p\sent\390_
1839,allen-p\sent\393_
1840,allen-p\sent\394_
1848,allen-p\sent\400_
1881,allen-p\sent\430_
1942,allen-p\sent\486_
1976,allen-p\sent\516_
2017,allen-p\sent\554_
2068,allen-p\sent\90_
2085,allen-p\sent_items\106_
2091,allen-p\sent_items\111_
2092,allen-p\sent_items\112_
2097,allen-p\sent_items\117_
2098,allen-p\sent_items\118_
2118,allen-p\sent_items\136_
2120,allen-p\sent_items\138_
2128,allen-p\sent_items\146_
2159,allen-p\sent_items\174_
2190,allen-p\sent_items\201_
2210,allen-p\sent_items\21_
2213,allen-p\sent_items\222_
2359,allen-p\sent_items\42_
2362,allen-p\sent_items\44_
2381,allen-p\sent_items\61_
2409,allen-p\sent_items\87_
2477,allen-p\_sent_mail\137_
2540,allen-p\_sent_mail\194_
2595,allen-p\_sent_mail\243_
2624,allen-p\_sent_mail\26_
2653,allen-p\_sent_mail\296_
2654,allen-p\_sent_mail\298_
2693,allen-p\_sent_mail\332_
2713,allen-p\_sent_mail\352_
2715,allen-p\_sent_mail\354_
2732,allen-p\_sent_mail\371_
2756,allen-p\_sent_mail\397_
2792,allen-p\_sent_mail\429_
2796,allen-p\_sent_mail\432_
2801,allen-p\_sent_mail\437_
2805,allen-p\_sent_mail\440_
2806,allen-p\_sent_mail\441_
2812,allen-p\_sent_mail\447_
2845,allen-p\_sent_mail\477_
2908,allen-p\_sent_mail\533_
2941,allen-p\_sent_mail\563_
2983,allen-p\_sent_mail\601_
3011,allen-p\_sent_mail\7_
3033,allen-p\_sent_mail\9_
3035,arnold-j\2000_conference\2_
3036,arnold-j\2000_conference\3_
3037,arnold-j\active_international\1_
3106,arnold-j\all_documents\117_
3109,arnold-j\all_documents\11_
3112,arnold-j\all_documents\121_
3118,arnold-j\all_documents\127_
3123,arnold-j\all_documents\131_
3124,arnold-j\all_documents\132_
3129,arnold-j\all_documents\137_
3202,arnold-j\all_documents\19_
3214,arnold-j\all_documents\20_
3269,arnold-j\all_documents\25_
3287,arnold-j\all_documents\276_
3291,arnold-j\all_documents\27_
3358,arnold-j\all_documents\33_
3424,arnold-j\all_documents\39_
3425,arnold-j\all_documents\3_
3469,arnold-j\all_documents\43_
3541,arnold-j\all_documents\504_
3590,arnold-j\all_documents\549_
3654,arnold-j\all_documents\606_
3688,arnold-j\all_documents\638_
3699,arnold-j\all_documents\648_
3855,arnold-j\all_documents\793_
3918,arnold-j\all_documents\84_
3919,arnold-j\all_documents\850_
3932,arnold-j\all_documents\862_
3933,arnold-j\all_documents\863_
3948,arnold-j\all_documents\877_
3952,arnold-j\all_documents\880_
3954,arnold-j\all_documents\882_
3984,arnold-j\all_documents\90_
4039,arnold-j\all_documents\95_
4050,arnold-j\all_documents\96_
4085,arnold-j\avaya\1_
4087,arnold-j\avaya\3_
4088,arnold-j\avaya\4_
4108,arnold-j\bristol_babcock\1_
4116,arnold-j\compaq\1_
4138,arnold-j\cooper_cameron\1_
4144,arnold-j\deleted_items\103_
4173,arnold-j\deleted_items\12_
4266,arnold-j\deleted_items\213_
4295,arnold-j\deleted_items\241_
4319,arnold-j\deleted_items\263_
4333,arnold-j\deleted_items\276_
4383,arnold-j\deleted_items\323_
4411,arnold-j\deleted_items\349_
4432,arnold-j\deleted_items\368_
4439,arnold-j\deleted_items\374_
4445,arnold-j\deleted_items\37_
4463,arnold-j\deleted_items\397_
4465,arnold-j\deleted_items\399_
4468,arnold-j\deleted_items\400_
4474,arnold-j\deleted_items\406_
4536,arnold-j\deleted_items\463_
4541,arnold-j\deleted_items\468_
4545,arnold-j\deleted_items\471_
4558,arnold-j\deleted_items\484_
4560,arnold-j\deleted_items\489_
4561,arnold-j\deleted_items\48_
4578,arnold-j\deleted_items\506_
4588,arnold-j\deleted_items\515_
4591,arnold-j\deleted_items\518_
4622,arnold-j\deleted_items\547_
4626,arnold-j\deleted_items\550_
4630,arnold-j\deleted_items\554_
4646,arnold-j\deleted_items\569_
4660,arnold-j\deleted_items\581_
4672,arnold-j\deleted_items\623_
4673,arnold-j\deleted_items\624_
4691,arnold-j\deleted_items\641_
4695,arnold-j\deleted_items\645_
4696,arnold-j\deleted_items\646_
4720,arnold-j\deleted_items\669_
4747,arnold-j\deleted_items\693_
4759,arnold-j\deleted_items\703_
4760,arnold-j\deleted_items\704_
4791,arnold-j\deleted_items\732_
4807,arnold-j\deleted_items\747_
4811,arnold-j\deleted_items\750_
4815,arnold-j\deleted_items\754_
4817,arnold-j\deleted_items\756_
4835,arnold-j\deleted_items\772_
5082,arnold-j\discussion_threads\422_
5176,arnold-j\discussion_threads\507_
5188,arnold-j\discussion_threads\518_
5275,arnold-j\fedex\2_
5281,arnold-j\hp\10_
5282,arnold-j\hp\11_
5283,arnold-j\hp\12_
5293,arnold-j\hp\9_
5348,arnold-j\inbox\209_
5379,arnold-j\inbox\48_
5386,arnold-j\inbox\54_
5435,arnold-j\inbox\99_
5437,arnold-j\kinko_s\1_
5441,arnold-j\nepco\1_
5507,arnold-j\notes_inbox\68_
5514,arnold-j\notes_inbox\74_
5531,arnold-j\personal\1_
5536,arnold-j\purchasing\1_
5793,arnold-j\sent\320_
5839,arnold-j\sent\362_
5910,arnold-j\sent\427_
6054,arnold-j\sent\559_
6118,arnold-j\sent\616_
6131,arnold-j\sent\628_
6132,arnold-j\sent\629_
6148,arnold-j\sent\643_
6151,arnold-j\sent\646_
6153,arnold-j\sent\648_
6352,arnold-j\sent\93_
6413,arnold-j\sent_items\148_
6643,arnold-j\sent_items\35_
7085,arnold-j\sony\1_
7363,arnold-j\_sent_mail\318_
7410,arnold-j\_sent_mail\360_
7481,arnold-j\_sent_mail\424_
7625,arnold-j\_sent_mail\555_
7689,arnold-j\_sent_mail\612_
7702,arnold-j\_sent_mail\624_
7703,arnold-j\_sent_mail\625_
7718,arnold-j\_sent_mail\639_
7722,arnold-j\_sent_mail\642_
7724,arnold-j\_sent_mail\644_
7921,arnold-j\_sent_mail\91_
7943,arora-h\all_documents\20_
7966,arora-h\all_documents\41_
8011,arora-h\deleted_items\114_
8044,arora-h\deleted_items\144_
8079,arora-h\deleted_items\177_
8099,arora-h\deleted_items\196_
8112,arora-h\deleted_items\25_
8121,arora-h\deleted_items\32_
8148,arora-h\deleted_items\57_
8155,arora-h\deleted_items\63_
8162,arora-h\deleted_items\6_
8225,arora-h\discussion_threads\39_
8264,arora-h\inbox\saved_mail\121_
8333,arora-h\inbox\14_
8342,arora-h\inbox\22_
8372,arora-h\inbox\60_
8406,arora-h\inbox\93_
8412,arora-h\savedmail\13_
8431,arora-h\savedmail\30_
8464,arora-h\savedmail\60_
8480,arora-h\savedmail\75_
8521,arora-h\sent_items\22_
8524,arora-h\sent_items\25_
8627,badeer-r\all_documents\138_
8727,badeer-r\all_documents\229_
8729,badeer-r\all_documents\230_
8755,badeer-r\all_documents\254_
8779,badeer-r\all_documents\276_
8807,badeer-r\all_documents\300_
8893,badeer-r\california\18_
8930,badeer-r\california\51_
8944,badeer-r\california\64_
9030,badeer-r\discussion_threads\142_
9148,badeer-r\discussion_threads\24_
9179,badeer-r\discussion_threads\278_
9197,badeer-r\discussion_threads\42_
9221,badeer-r\discussion_threads\64_
9222,badeer-r\discussion_threads\65_
9299,badeer-r\notes_inbox\116_
9436,badeer-r\_sent_mail\34_
9437,badeer-r\_sent_mail\35_
9464,bailey-s\all_documents\11_
9469,bailey-s\all_documents\16_
9478,bailey-s\all_documents\9_
9631,bailey-s\deleted_items\239_
9741,bailey-s\deleted_items\338_
9830,bailey-s\deleted_items\418_
9910,bailey-s\deleted_items\98_
9918,bailey-s\notes_inbox\1_
9923,bailey-s\notes_inbox\6_
9925,bailey-s\notes_inbox\8_
