51,allen-p\all_documents\149_
57,allen-p\all_documents\154_
108,allen-p\all_documents\1_
241,allen-p\all_documents\321_
243,allen-p\all_documents\323_
257,allen-p\all_documents\336_
349,allen-p\all_documents\41_
387,allen-p\all_documents\454_
458,allen-p\all_documents\518_
463,allen-p\all_documents\522_
681,allen-p\deleted_items\149_
688,allen-p\deleted_items\156_
738,allen-p\deleted_items\202_
753,allen-p\deleted_items\216_
779,allen-p\deleted_items\244_
813,allen-p\deleted_items\341_
843,allen-p\deleted_items\370_
923,allen-p\deleted_items\446_
1009,allen-p\discussion_threads\117_
1014,allen-p\discussion_threads\121_
1023,allen-p\discussion_threads\12_
1078,allen-p\discussion_threads\17_
1096,allen-p\discussion_threads\196_
1100,allen-p\discussion_threads\19_
1135,allen-p\discussion_threads\233_
1227,allen-p\discussion_threads\441_
1229,allen-p\discussion_threads\443_
1278,allen-p\discussion_threads\488_
1416,allen-p\inbox\22_
1449,allen-p\inbox\67_
1477,allen-p\notes_inbox\1_
1497,allen-p\notes_inbox\38_
1524,allen-p\sent\107_
1530,allen-p\sent\112_
1705,allen-p\sent\271_
1706,allen-p\sent\272_
1720,allen-p\sent\285_
1836,allen-p\sent\390_
1905,allen-p\sent\452_
1909,allen-p\sent\456_
2083,allen-p\sent_items\104_
2086,allen-p\sent_items\107_
2091,allen-p\sent_items\111_
2095,allen-p\sent_items\115_
2101,allen-p\sent_items\120_
2112,allen-p\sent_items\130_
2113,allen-p\sent_items\131_
2114,allen-p\sent_items\132_
2115,allen-p\sent_items\133_
2116,allen-p\sent_items\134_
2117,allen-p\sent_items\135_
2118,allen-p\sent_items\136_
2119,allen-p\sent_items\137_
2120,allen-p\sent_items\138_
2124,allen-p\sent_items\142_
2128,allen-p\sent_items\146_
2130,allen-p\sent_items\148_
2131,allen-p\sent_items\149_
2140,allen-p\sent_items\157_
2147,allen-p\sent_items\163_
2152,allen-p\sent_items\168_
2159,allen-p\sent_items\174_
2161,allen-p\sent_items\176_
2162,allen-p\sent_items\177_
2166,allen-p\sent_items\180_
2168,allen-p\sent_items\182_
2177,allen-p\sent_items\190_
2179,allen-p\sent_items\192_
2183,allen-p\sent_items\196_
2184,allen-p\sent_items\197_
2186,allen-p\sent_items\199_
2189,allen-p\sent_items\200_
2190,allen-p\sent_items\201_
2195,allen-p\sent_items\206_
2212,allen-p\sent_items\221_
2213,allen-p\sent_items\222_
2214,allen-p\sent_items\223_
2224,allen-p\sent_items\232_
2227,allen-p\sent_items\235_
2228,allen-p\sent_items\236_
2233,allen-p\sent_items\240_
2235,allen-p\sent_items\242_
2237,allen-p\sent_items\244_
2243,allen-p\sent_items\24_
2245,allen-p\sent_items\251_
2248,allen-p\sent_items\254_
2249,allen-p\sent_items\255_
2251,allen-p\sent_items\257_
2252,allen-p\sent_items\258_
2253,allen-p\sent_items\259_
2254,allen-p\sent_items\25_
2255,allen-p\sent_items\260_
2256,allen-p\sent_items\261_
2265,allen-p\sent_items\26_
2274,allen-p\sent_items\278_
2276,allen-p\sent_items\27_
2283,allen-p\sent_items\287_
2288,allen-p\sent_items\291_
2297,allen-p\sent_items\300_
2306,allen-p\sent_items\309_
2317,allen-p\sent_items\371_
2322,allen-p\sent_items\376_
2341,allen-p\sent_items\393_
2342,allen-p\sent_items\394_
2354,allen-p\sent_items\406_
2390,allen-p\sent_items\6_
2401,allen-p\sent_items\7_
2416,allen-p\sent_items\93_
2417,allen-p\sent_items\94_
2418,allen-p\sent_items\95_
2419,allen-p\sent_items\96_
2496,allen-p\_sent_mail\154_
2501,allen-p\_sent_mail\159_
2677,allen-p\_sent_mail\318_
2678,allen-p\_sent_mail\319_
2693,allen-p\_sent_mail\332_
2801,allen-p\_sent_mail\437_
2869,allen-p\_sent_mail\499_
2875,allen-p\_sent_mail\503_
3094,arnold-j\all_documents\107_
3099,arnold-j\all_documents\111_
3114,arnold-j\all_documents\123_
3128,arnold-j\all_documents\136_
3135,arnold-j\all_documents\1400_
3139,arnold-j\all_documents\142_
3231,arnold-j\all_documents\225_
3280,arnold-j\all_documents\26_
3374,arnold-j\all_documents\354_
3380,arnold-j\all_documents\35_
3382,arnold-j\all_documents\361_
3432,arnold-j\all_documents\406_
3643,arnold-j\all_documents\597_
3655,arnold-j\all_documents\607_
3664,arnold-j\all_documents\615_
3666,arnold-j\all_documents\617_
3668,arnold-j\all_documents\619_
3670,arnold-j\all_documents\620_
3671,arnold-j\all_documents\621_
3672,arnold-j\all_documents\622_
3673,arnold-j\all_documents\623_
3674,arnold-j\all_documents\624_
3675,arnold-j\all_documents\625_
3676,arnold-j\all_documents\626_
3677,arnold-j\all_documents\627_
3679,arnold-j\all_documents\629_
3681,arnold-j\all_documents\630_
3683,arnold-j\all_documents\632_
3687,arnold-j\all_documents\637_
3693,arnold-j\all_documents\642_
3698,arnold-j\all_documents\647_
3704,arnold-j\all_documents\653_
3722,arnold-j\all_documents\66_
3724,arnold-j\all_documents\671_
3756,arnold-j\all_documents\6_
3780,arnold-j\all_documents\723_
3781,arnold-j\all_documents\724_
3786,arnold-j\all_documents\729_
3809,arnold-j\all_documents\74_
3830,arnold-j\all_documents\76_
3864,arnold-j\all_documents\800_
3961,arnold-j\all_documents\889_
4072,arnold-j\all_documents\98_
4086,arnold-j\avaya\2_
4099,arnold-j\bmc\3_
4117,arnold-j\compaq\2_
4121,arnold-j\compaq\6_
4122,arnold-j\compaq\7_
4147,arnold-j\deleted_items\106_
4199,arnold-j\deleted_items\153_
4219,arnold-j\deleted_items\171_
4224,arnold-j\deleted_items\176_
4229,arnold-j\deleted_items\180_
4233,arnold-j\deleted_items\184_
4234,arnold-j\deleted_items\185_
4238,arnold-j\deleted_items\189_
4241,arnold-j\deleted_items\191_
4242,arnold-j\deleted_items\192_
4257,arnold-j\deleted_items\205_
4258,arnold-j\deleted_items\206_
4410,arnold-j\deleted_items\348_
4417,arnold-j\deleted_items\354_
4432,arnold-j\deleted_items\368_
4441,arnold-j\deleted_items\376_
4467,arnold-j\deleted_items\3_
4474,arnold-j\deleted_items\406_
4509,arnold-j\deleted_items\439_
4545,arnold-j\deleted_items\471_
4558,arnold-j\deleted_items\484_
4565,arnold-j\deleted_items\493_
4590,arnold-j\deleted_items\517_
4592,arnold-j\deleted_items\519_
4598,arnold-j\deleted_items\524_
4603,arnold-j\deleted_items\529_
4617,arnold-j\deleted_items\542_
4640,arnold-j\deleted_items\563_
4669,arnold-j\deleted_items\620_
4671,arnold-j\deleted_items\622_
4679,arnold-j\deleted_items\62_
4688,arnold-j\deleted_items\639_
4704,arnold-j\deleted_items\653_
4762,arnold-j\deleted_items\706_
4764,arnold-j\deleted_items\708_
4771,arnold-j\deleted_items\714_
4775,arnold-j\deleted_items\718_
4784,arnold-j\deleted_items\726_
4786,arnold-j\deleted_items\728_
4843,arnold-j\deleted_items\81_
4860,arnold-j\deleted_items\97_
4926,arnold-j\discussion_threads\156_
5100,arnold-j\discussion_threads\439_
5132,arnold-j\discussion_threads\468_
5164,arnold-j\discussion_threads\497_
5187,arnold-j\discussion_threads\517_
5196,arnold-j\discussion_threads\525_
5296,arnold-j\inbox\10_
5302,arnold-j\inbox\13_
5317,arnold-j\inbox\153_
5321,arnold-j\inbox\157_
5330,arnold-j\inbox\165_
5350,arnold-j\inbox\21_
5351,arnold-j\inbox\22_
5363,arnold-j\inbox\33_
5369,arnold-j\inbox\39_
5408,arnold-j\inbox\74_
5479,arnold-j\notes_inbox\42_
5500,arnold-j\notes_inbox\61_
5508,arnold-j\notes_inbox\69_
5529,arnold-j\pcc_values\1_
5530,arnold-j\pcc_values\2_
5533,arnold-j\personal\3_
5541,arnold-j\sap\1_
5564,arnold-j\sent\1162_
5627,arnold-j\sent\171_
5634,arnold-j\sent\178_
5685,arnold-j\sent\223_
5878,arnold-j\sent\398_
5882,arnold-j\sent\400_
5884,arnold-j\sent\402_
5885,arnold-j\sent\403_
5886,arnold-j\sent\404_
5887,arnold-j\sent\405_
5888,arnold-j\sent\406_
5889,arnold-j\sent\407_
5890,arnold-j\sent\408_
5891,arnold-j\sent\409_
5893,arnold-j\sent\410_
5895,arnold-j\sent\412_
5896,arnold-j\sent\413_
5898,arnold-j\sent\415_
5903,arnold-j\sent\420_
5904,arnold-j\sent\421_
5909,arnold-j\sent\426_
5914,arnold-j\sent\431_
5930,arnold-j\sent\446_
5979,arnold-j\sent\490_
5980,arnold-j\sent\491_
5985,arnold-j\sent\496_
6062,arnold-j\sent\566_
6161,arnold-j\sent\655_
6365,arnold-j\sent_items\104_
6371,arnold-j\sent_items\10_
6376,arnold-j\sent_items\114_
6377,arnold-j\sent_items\115_
6382,arnold-j\sent_items\11_
6386,arnold-j\sent_items\123_
6387,arnold-j\sent_items\124_
6388,arnold-j\sent_items\125_
6390,arnold-j\sent_items\127_
6393,arnold-j\sent_items\12_
6395,arnold-j\sent_items\131_
6396,arnold-j\sent_items\132_
6397,arnold-j\sent_items\133_
6399,arnold-j\sent_items\135_
6403,arnold-j\sent_items\139_
6404,arnold-j\sent_items\13_
6405,arnold-j\sent_items\140_
6406,arnold-j\sent_items\141_
6408,arnold-j\sent_items\143_
6409,arnold-j\sent_items\144_
6411,arnold-j\sent_items\146_
6412,arnold-j\sent_items\147_
6413,arnold-j\sent_items\148_
6414,arnold-j\sent_items\149_
6415,arnold-j\sent_items\14_
6419,arnold-j\sent_items\153_
6421,arnold-j\sent_items\155_
6423,arnold-j\sent_items\157_
6426,arnold-j\sent_items\15_
6428,arnold-j\sent_items\161_
6437,arnold-j\sent_items\16_
6448,arnold-j\sent_items\17_
6453,arnold-j\sent_items\184_
6455,arnold-j\sent_items\186_
6456,arnold-j\sent_items\187_
6459,arnold-j\sent_items\18_
6460,arnold-j\sent_items\190_
6461,arnold-j\sent_items\191_
6462,arnold-j\sent_items\192_
6463,arnold-j\sent_items\193_
6465,arnold-j\sent_items\195_
6473,arnold-j\sent_items\201_
6474,arnold-j\sent_items\202_
6475,arnold-j\sent_items\203_
6476,arnold-j\sent_items\204_
6477,arnold-j\sent_items\205_
6482,arnold-j\sent_items\20_
6490,arnold-j\sent_items\217_
6492,arnold-j\sent_items\219_
6493,arnold-j\sent_items\21_
6497,arnold-j\sent_items\223_
6499,arnold-j\sent_items\225_
6506,arnold-j\sent_items\231_
6515,arnold-j\sent_items\23_
6528,arnold-j\sent_items\251_
6531,arnold-j\sent_items\254_
6534,arnold-j\sent_items\257_
6535,arnold-j\sent_items\258_
6538,arnold-j\sent_items\264_
6540,arnold-j\sent_items\266_
6541,arnold-j\sent_items\267_
6546,arnold-j\sent_items\271_
6549,arnold-j\sent_items\274_
6559,arnold-j\sent_items\283_
6560,arnold-j\sent_items\284_
6563,arnold-j\sent_items\287_
6564,arnold-j\sent_items\288_
6565,arnold-j\sent_items\289_
6566,arnold-j\sent_items\28_
6567,arnold-j\sent_items\290_
6570,arnold-j\sent_items\293_
6571,arnold-j\sent_items\294_
6572,arnold-j\sent_items\295_
6573,arnold-j\sent_items\296_
6574,arnold-j\sent_items\297_
6575,arnold-j\sent_items\298_
6577,arnold-j\sent_items\29_
6581,arnold-j\sent_items\302_
6585,arnold-j\sent_items\306_
6586,arnold-j\sent_items\307_
6598,arnold-j\sent_items\319_
6602,arnold-j\sent_items\322_
6603,arnold-j\sent_items\323_
6604,arnold-j\sent_items\324_
6609,arnold-j\sent_items\329_
6611,arnold-j\sent_items\330_
6612,arnold-j\sent_items\331_
6616,arnold-j\sent_items\335_
6617,arnold-j\sent_items\336_
6625,arnold-j\sent_items\343_
6632,arnold-j\sent_items\34_
6634,arnold-j\sent_items\351_
6638,arnold-j\sent_items\355_
6639,arnold-j\sent_items\356_
6640,arnold-j\sent_items\357_
6644,arnold-j\sent_items\360_
6646,arnold-j\sent_items\362_
6647,arnold-j\sent_items\363_
6648,arnold-j\sent_items\364_
6658,arnold-j\sent_items\373_
6659,arnold-j\sent_items\374_
6661,arnold-j\sent_items\376_
6663,arnold-j\sent_items\378_
6664,arnold-j\sent_items\379_
6667,arnold-j\sent_items\381_
6669,arnold-j\sent_items\383_
6672,arnold-j\sent_items\386_
6674,arnold-j\sent_items\388_
6683,arnold-j\sent_items\396_
6684,arnold-j\sent_items\397_
6685,arnold-j\sent_items\398_
6686,arnold-j\sent_items\399_
6687,arnold-j\sent_items\39_
6692,arnold-j\sent_items\403_
6694,arnold-j\sent_items\405_
6701,arnold-j\sent_items\411_
6703,arnold-j\sent_items\413_
6704,arnold-j\sent_items\414_
6707,arnold-j\sent_items\417_
6712,arnold-j\sent_items\421_
6713,arnold-j\sent_items\422_
6714,arnold-j\sent_items\423_
6720,arnold-j\sent_items\429_
6726,arnold-j\sent_items\435_
6750,arnold-j\sent_items\457_
6752,arnold-j\sent_items\459_
6768,arnold-j\sent_items\473_
6769,arnold-j\sent_items\474_
6794,arnold-j\sent_items\497_
6806,arnold-j\sent_items\507_
6832,arnold-j\sent_items\530_
6834,arnold-j\sent_items\532_
6836,arnold-j\sent_items\534_
6841,arnold-j\sent_items\539_
6844,arnold-j\sent_items\541_
6852,arnold-j\sent_items\54_
6871,arnold-j\sent_items\567_
6937,arnold-j\sent_items\626_
6943,arnold-j\sent_items\631_
6958,arnold-j\sent_items\6_
6968,arnold-j\sent_items\714_
6970,arnold-j\sent_items\716_
6991,arnold-j\sent_items\735_
6992,arnold-j\sent_items\736_
6993,arnold-j\sent_items\737_
6994,arnold-j\sent_items\738_
6995,arnold-j\sent_items\739_
6998,arnold-j\sent_items\741_
6999,arnold-j\sent_items\742_
7006,arnold-j\sent_items\749_
7072,arnold-j\sent_items\8_
7081,arnold-j\sent_items\98_
7082,arnold-j\sent_items\99_
7086,arnold-j\sony\2_
7088,arnold-j\sony\4_
7136,arnold-j\_sent_mail\1158_
7197,arnold-j\_sent_mail\169_
7205,arnold-j\_sent_mail\176_
7256,arnold-j\_sent_mail\221_
7449,arnold-j\_sent_mail\396_
7451,arnold-j\_sent_mail\398_
7455,arnold-j\_sent_mail\400_
7456,arnold-j\_sent_mail\401_
7457,arnold-j\_sent_mail\402_
7458,arnold-j\_sent_mail\403_
7459,arnold-j\_sent_mail\404_
7460,arnold-j\_sent_mail\405_
7461,arnold-j\_sent_mail\406_
7462,arnold-j\_sent_mail\407_
7463,arnold-j\_sent_mail\408_
7466,arnold-j\_sent_mail\410_
7467,arnold-j\_sent_mail\411_
7469,arnold-j\_sent_mail\413_
7473,arnold-j\_sent_mail\417_
7474,arnold-j\_sent_mail\418_
7480,arnold-j\_sent_mail\423_
7484,arnold-j\_sent_mail\427_
7501,arnold-j\_sent_mail\442_
7549,arnold-j\_sent_mail\486_
7550,arnold-j\_sent_mail\487_
7556,arnold-j\_sent_mail\492_
7633,arnold-j\_sent_mail\562_
7732,arnold-j\_sent_mail\651_
7963,arora-h\all_documents\39_
7964,arora-h\all_documents\3_
8014,arora-h\deleted_items\117_
8015,arora-h\deleted_items\118_
8017,arora-h\deleted_items\11_
8023,arora-h\deleted_items\125_
8028,arora-h\deleted_items\12_
8034,arora-h\deleted_items\135_
8037,arora-h\deleted_items\138_
8039,arora-h\deleted_items\13_
8049,arora-h\deleted_items\149_
8050,arora-h\deleted_items\14_
8058,arora-h\deleted_items\158_
8059,arora-h\deleted_items\159_
8083,arora-h\deleted_items\180_
8087,arora-h\deleted_items\185_
8092,arora-h\deleted_items\18_
8094,arora-h\deleted_items\191_
8095,arora-h\deleted_items\192_
8102,arora-h\deleted_items\199_
8119,arora-h\deleted_items\314_
8123,arora-h\deleted_items\34_
8124,arora-h\deleted_items\35_
8126,arora-h\deleted_items\37_
8127,arora-h\deleted_items\38_
8128,arora-h\deleted_items\39_
8137,arora-h\deleted_items\47_
8138,arora-h\deleted_items\48_
8141,arora-h\deleted_items\50_
8151,arora-h\deleted_items\5_
8156,arora-h\deleted_items\64_
8169,arora-h\deleted_items\76_
8170,arora-h\deleted_items\77_
8171,arora-h\deleted_items\78_
8176,arora-h\deleted_items\82_
8177,arora-h\deleted_items\83_
8178,arora-h\deleted_items\84_
8179,arora-h\deleted_items\85_
8180,arora-h\deleted_items\86_
8181,arora-h\deleted_items\87_
8223,arora-h\discussion_threads\37_
8226,arora-h\discussion_threads\3_
8261,arora-h\inbox\receipts\3_
8283,arora-h\inbox\saved_mail\28_
8291,arora-h\inbox\saved_mail\35_
8303,arora-h\inbox\saved_mail\46_
8307,arora-h\inbox\saved_mail\4_
8311,arora-h\inbox\saved_mail\53_
8327,arora-h\inbox\saved_mail\8_
8333,arora-h\inbox\14_
8344,arora-h\inbox\24_
8350,arora-h\inbox\2_
8367,arora-h\inbox\4_
8368,arora-h\inbox\51_
8384,arora-h\inbox\73_
8391,arora-h\inbox\7_
8397,arora-h\inbox\85_
8398,arora-h\inbox\86_
8414,arora-h\savedmail\15_
8447,arora-h\savedmail\45_
8466,arora-h\savedmail\62_
8473,arora-h\savedmail\69_
8489,arora-h\savedmail\83_
8495,arora-h\savedmail\89_
8508,arora-h\sent_items\10_
8512,arora-h\sent_items\14_
8513,arora-h\sent_items\15_
8516,arora-h\sent_items\18_
8517,arora-h\sent_items\19_
8519,arora-h\sent_items\20_
8520,arora-h\sent_items\21_
8521,arora-h\sent_items\22_
8524,arora-h\sent_items\25_
8543,arora-h\sent_items\42_
8557,arora-h\sent_items\55_
8558,arora-h\sent_items\56_
8559,arora-h\sent_items\57_
8560,arora-h\sent_items\58_
8561,arora-h\sent_items\59_
8563,arora-h\sent_items\60_
8564,arora-h\sent_items\61_
8565,arora-h\sent_items\62_
8566,arora-h\sent_items\63_
8569,arora-h\sent_items\66_
8572,arora-h\sent_items\6_
8574,arora-h\sent_items\8_
8587,badeer-r\all_documents\101_
8593,badeer-r\all_documents\107_
8658,badeer-r\all_documents\166_
8697,badeer-r\all_documents\200_
8704,badeer-r\all_documents\208_
8712,badeer-r\all_documents\215_
8714,badeer-r\all_documents\217_
8727,badeer-r\all_documents\229_
8729,badeer-r\all_documents\230_
8740,badeer-r\all_documents\240_
8756,badeer-r\all_documents\255_
8758,badeer-r\all_documents\257_
8806,badeer-r\all_documents\2_
8837,badeer-r\all_documents\57_
8914,badeer-r\california\37_
8919,badeer-r\california\41_
8920,badeer-r\california\42_
8921,badeer-r\california\43_
8931,badeer-r\california\52_
8933,badeer-r\california\54_
8971,badeer-r\deleted_items\10_
8975,badeer-r\deleted_items\1_
8976,badeer-r\deleted_items\2_
8977,badeer-r\deleted_items\3_
8978,badeer-r\deleted_items\4_
9003,badeer-r\discussion_threads\118_
9063,badeer-r\discussion_threads\172_
9069,badeer-r\discussion_threads\178_
9117,badeer-r\discussion_threads\220_
9176,badeer-r\discussion_threads\275_
9193,badeer-r\discussion_threads\39_
9196,badeer-r\discussion_threads\41_
9211,badeer-r\discussion_threads\55_
9221,badeer-r\discussion_threads\64_
9222,badeer-r\discussion_threads\65_
9232,badeer-r\discussion_threads\74_
9233,badeer-r\discussion_threads\75_
9241,badeer-r\discussion_threads\82_
9247,badeer-r\discussion_threads\88_
9269,badeer-r\inbox\2_
9281,badeer-r\move\1_
9290,badeer-r\notes_inbox\108_
9320,badeer-r\notes_inbox\2_
9349,badeer-r\notes_inbox\57_
9389,badeer-r\notes_inbox\93_
9390,badeer-r\notes_inbox\94_
9403,badeer-r\sent_items\1_
9408,badeer-r\sent_items\6_
9436,badeer-r\_sent_mail\34_
9437,badeer-r\_sent_mail\35_
9446,badeer-r\_sent_mail\43_
9481,bailey-s\deleted_items\102_
9567,bailey-s\deleted_items\181_
9587,bailey-s\deleted_items\19_
9592,bailey-s\deleted_items\203_
9598,bailey-s\deleted_items\209_
9599,bailey-s\deleted_items\20_
9616,bailey-s\deleted_items\225_
9619,bailey-s\deleted_items\228_
9620,bailey-s\deleted_items\229_
9631,bailey-s\deleted_items\239_
9649,bailey-s\deleted_items\255_
9650,bailey-s\deleted_items\256_
9667,bailey-s\deleted_items\271_
9668,bailey-s\deleted_items\272_
9670,bailey-s\deleted_items\274_
9701,bailey-s\deleted_items\301_
9731,bailey-s\deleted_items\329_
9733,bailey-s\deleted_items\330_
9746,bailey-s\deleted_items\342_
9752,bailey-s\deleted_items\348_
9775,bailey-s\deleted_items\369_
9783,bailey-s\deleted_items\376_
9798,bailey-s\deleted_items\38_
9823,bailey-s\deleted_items\411_
9838,bailey-s\deleted_items\425_
9839,bailey-s\deleted_items\426_
9840,bailey-s\deleted_items\427_
9844,bailey-s\deleted_items\430_
9847,bailey-s\deleted_items\433_
9854,bailey-s\deleted_items\47_
9855,bailey-s\deleted_items\48_
9856,bailey-s\deleted_items\49_
9864,bailey-s\deleted_items\56_
9879,bailey-s\deleted_items\6_
9916,bailey-s\inbox\4_
9928,bailey-s\sent_items\13_
9929,bailey-s\sent_items\15_
9930,bailey-s\sent_items\16_
9931,bailey-s\sent_items\17_
9942,bass-e\all_documents\1001_
9954,bass-e\all_documents\1012_
9963,bass-e\all_documents\1020_
9964,bass-e\all_documents\1021_
9965,bass-e\all_documents\1022_
9983,bass-e\all_documents\1039_
9992,bass-e\all_documents\1047_
9997,bass-e\all_documents\1051_
