6,allen-p\all_documents\106_
48,allen-p\all_documents\146_
53,allen-p\all_documents\150_
59,allen-p\all_documents\156_
64,allen-p\all_documents\160_
65,allen-p\all_documents\161_
68,allen-p\all_documents\164_
69,allen-p\all_documents\165_
88,allen-p\all_documents\182_
95,allen-p\all_documents\189_
113,allen-p\all_documents\204_
143,allen-p\all_documents\232_
144,allen-p\all_documents\233_
145,allen-p\all_documents\234_
147,allen-p\all_documents\236_
199,allen-p\all_documents\283_
239,allen-p\all_documents\31_
284,allen-p\all_documents\361_
292,allen-p\all_documents\369_
300,allen-p\all_documents\376_
301,allen-p\all_documents\377_
346,allen-p\all_documents\417_
351,allen-p\all_documents\421_
359,allen-p\all_documents\429_
389,allen-p\all_documents\456_
393,allen-p\all_documents\45_
429,allen-p\all_documents\492_
445,allen-p\all_documents\506_
469,allen-p\all_documents\528_
475,allen-p\all_documents\533_
476,allen-p\all_documents\534_
483,allen-p\all_documents\540_
502,allen-p\all_documents\558_
506,allen-p\all_documents\561_
516,allen-p\all_documents\570_
532,allen-p\all_documents\585_
553,allen-p\all_documents\604_
559,allen-p\all_documents\60_
570,allen-p\all_documents\61_
583,allen-p\all_documents\67_
630,allen-p\deleted_items\100_
634,allen-p\deleted_items\104_
641,allen-p\deleted_items\110_
649,allen-p\deleted_items\119_
653,allen-p\deleted_items\122_
665,allen-p\deleted_items\133_
668,allen-p\deleted_items\136_
674,allen-p\deleted_items\142_
701,allen-p\deleted_items\168_
702,allen-p\deleted_items\169_
722,allen-p\deleted_items\188_
726,allen-p\deleted_items\191_
748,allen-p\deleted_items\211_
749,allen-p\deleted_items\212_
766,allen-p\deleted_items\232_
777,allen-p\deleted_items\242_
780,allen-p\deleted_items\246_
782,allen-p\deleted_items\248_
795,allen-p\deleted_items\25_
806,allen-p\deleted_items\28_
810,allen-p\deleted_items\31_
812,allen-p\deleted_items\340_
817,allen-p\deleted_items\345_
823,allen-p\deleted_items\351_
826,allen-p\deleted_items\354_
848,allen-p\deleted_items\375_
849,allen-p\deleted_items\376_
855,allen-p\deleted_items\382_
865,allen-p\deleted_items\391_
870,allen-p\deleted_items\396_
875,allen-p\deleted_items\3_
879,allen-p\deleted_items\404_
900,allen-p\deleted_items\423_
916,allen-p\deleted_items\439_
917,allen-p\deleted_items\43_
923,allen-p\deleted_items\446_
942,allen-p\deleted_items\52_
964,allen-p\deleted_items\74_
987,allen-p\deleted_items\96_
991,allen-p\discussion_threads\100_
1000,allen-p\discussion_threads\109_
1002,allen-p\discussion_threads\110_
1005,allen-p\discussion_threads\113_
1006,allen-p\discussion_threads\114_
1007,allen-p\discussion_threads\115_
1013,allen-p\discussion_threads\120_
1016,allen-p\discussion_threads\123_
1051,allen-p\discussion_threads\155_
1082,allen-p\discussion_threads\183_
1083,allen-p\discussion_threads\184_
1093,allen-p\discussion_threads\193_
1107,allen-p\discussion_threads\205_
1164,allen-p\discussion_threads\384_
1175,allen-p\discussion_threads\395_
1189,allen-p\discussion_threads\407_
1195,allen-p\discussion_threads\412_
1198,allen-p\discussion_threads\415_
1211,allen-p\discussion_threads\427_
1217,allen-p\discussion_threads\432_
1218,allen-p\discussion_threads\433_
1221,allen-p\discussion_threads\436_
1237,allen-p\discussion_threads\450_
1300,allen-p\discussion_threads\507_
1306,allen-p\discussion_threads\512_
1308,allen-p\discussion_threads\514_
1329,allen-p\discussion_threads\533_
1330,allen-p\discussion_threads\534_
1337,allen-p\discussion_threads\540_
1367,allen-p\discussion_threads\67_
1369,allen-p\discussion_threads\69_
1371,allen-p\discussion_threads\70_
1388,allen-p\discussion_threads\86_
1399,allen-p\discussion_threads\96_
1403,allen-p\inbox\10_
1408,allen-p\inbox\15_
1429,allen-p\inbox\34_
1438,allen-p\inbox\42_
1449,allen-p\inbox\67_
1487,allen-p\notes_inbox\29_
1521,allen-p\sent\104_
1525,allen-p\sent\108_
1532,allen-p\sent\114_
1535,allen-p\sent\117_
1536,allen-p\sent\118_
1540,allen-p\sent\121_
1541,allen-p\sent\122_
1559,allen-p\sent\139_
1566,allen-p\sent\145_
1580,allen-p\sent\158_
1611,allen-p\sent\186_
1612,allen-p\sent\187_
1613,allen-p\sent\188_
1616,allen-p\sent\190_
1626,allen-p\sent\19_
1638,allen-p\sent\20_
1668,allen-p\sent\237_
1692,allen-p\sent\25_
1737,allen-p\sent\300_
1743,allen-p\sent\306_
1751,allen-p\sent\313_
1752,allen-p\sent\314_
1795,allen-p\sent\353_
1799,allen-p\sent\357_
1808,allen-p\sent\365_
1876,allen-p\sent\426_
1892,allen-p\sent\440_
1916,allen-p\sent\462_
1920,allen-p\sent\466_
1921,allen-p\sent\467_
1928,allen-p\sent\473_
1948,allen-p\sent\491_
1950,allen-p\sent\493_
1961,allen-p\sent\502_
1977,allen-p\sent\517_
1997,allen-p\sent\536_
2032,allen-p\sent\64_
2039,allen-p\sent\6_
2079,allen-p\sent_items\100_
2097,allen-p\sent_items\117_
2098,allen-p\sent_items\118_
2116,allen-p\sent_items\134_
2118,allen-p\sent_items\136_
2119,allen-p\sent_items\137_
2120,allen-p\sent_items\138_
2123,allen-p\sent_items\140_
2126,allen-p\sent_items\144_
2127,allen-p\sent_items\145_
2133,allen-p\sent_items\150_
2140,allen-p\sent_items\157_
2147,allen-p\sent_items\163_
2151,allen-p\sent_items\167_
2157,allen-p\sent_items\172_
2159,allen-p\sent_items\174_
2163,allen-p\sent_items\178_
2185,allen-p\sent_items\198_
2190,allen-p\sent_items\201_
2191,allen-p\sent_items\202_
2194,allen-p\sent_items\205_
2206,allen-p\sent_items\216_
2239,allen-p\sent_items\246_
2241,allen-p\sent_items\248_
2269,allen-p\sent_items\273_
2274,allen-p\sent_items\278_
2313,allen-p\sent_items\368_
2326,allen-p\sent_items\37_
2340,allen-p\sent_items\392_
2360,allen-p\sent_items\43_
2368,allen-p\sent_items\4_
2369,allen-p\sent_items\50_
2370,allen-p\sent_items\51_
2411,allen-p\sent_items\89_
2415,allen-p\sent_items\92_
2449,allen-p\_sent_mail\111_
2493,allen-p\_sent_mail\151_
2497,allen-p\_sent_mail\155_
2502,allen-p\_sent_mail\15_
2504,allen-p\_sent_mail\161_
2507,allen-p\_sent_mail\164_
2508,allen-p\_sent_mail\165_
2511,allen-p\_sent_mail\168_
2512,allen-p\_sent_mail\169_
2513,allen-p\_sent_mail\16_
2531,allen-p\_sent_mail\186_
2538,allen-p\_sent_mail\192_
2553,allen-p\_sent_mail\205_
2584,allen-p\_sent_mail\233_
2585,allen-p\_sent_mail\234_
2586,allen-p\_sent_mail\235_
2588,allen-p\_sent_mail\237_
2640,allen-p\_sent_mail\284_
2657,allen-p\_sent_mail\2_
2708,allen-p\_sent_mail\347_
2714,allen-p\_sent_mail\353_
2722,allen-p\_sent_mail\360_
2723,allen-p\_sent_mail\361_
2761,allen-p\_sent_mail\400_
2765,allen-p\_sent_mail\404_
2774,allen-p\_sent_mail\412_
2841,allen-p\_sent_mail\473_
2856,allen-p\_sent_mail\487_
2881,allen-p\_sent_mail\509_
2886,allen-p\_sent_mail\513_
2887,allen-p\_sent_mail\514_
2894,allen-p\_sent_mail\520_
2913,allen-p\_sent_mail\538_
2915,allen-p\_sent_mail\53_
2916,allen-p\_sent_mail\540_
2925,allen-p\_sent_mail\549_
2942,allen-p\_sent_mail\564_
2962,allen-p\_sent_mail\583_
2994,allen-p\_sent_mail\66_
2995,allen-p\_sent_mail\67_
3001,allen-p\_sent_mail\72_
3022,allen-p\_sent_mail\8_
3057,arnold-j\all_documents\1019_
3069,arnold-j\all_documents\102_
3079,arnold-j\all_documents\1039_
3081,arnold-j\all_documents\1040_
3086,arnold-j\all_documents\1045_
3096,arnold-j\all_documents\109_
3100,arnold-j\all_documents\112_
3103,arnold-j\all_documents\1157_
3105,arnold-j\all_documents\116_
3107,arnold-j\all_documents\118_
3115,arnold-j\all_documents\124_
3126,arnold-j\all_documents\134_
3134,arnold-j\all_documents\13_
3147,arnold-j\all_documents\14_
3172,arnold-j\all_documents\172_
3173,arnold-j\all_documents\173_
3198,arnold-j\all_documents\196_
3204,arnold-j\all_documents\200_
3205,arnold-j\all_documents\201_
3217,arnold-j\all_documents\212_
3222,arnold-j\all_documents\217_
3224,arnold-j\all_documents\219_
3242,arnold-j\all_documents\235_
3271,arnold-j\all_documents\261_
3296,arnold-j\all_documents\284_
3299,arnold-j\all_documents\287_
3300,arnold-j\all_documents\288_
3306,arnold-j\all_documents\293_
3345,arnold-j\all_documents\328_
3350,arnold-j\all_documents\332_
3354,arnold-j\all_documents\336_
3377,arnold-j\all_documents\357_
3384,arnold-j\all_documents\363_
3385,arnold-j\all_documents\364_
3391,arnold-j\all_documents\36_
3406,arnold-j\all_documents\383_
3412,arnold-j\all_documents\389_
3438,arnold-j\all_documents\411_
3454,arnold-j\all_documents\426_
3456,arnold-j\all_documents\428_
3467,arnold-j\all_documents\438_
3498,arnold-j\all_documents\466_
3512,arnold-j\all_documents\479_
3530,arnold-j\all_documents\495_
3531,arnold-j\all_documents\496_
3540,arnold-j\all_documents\503_
3607,arnold-j\all_documents\564_
3635,arnold-j\all_documents\58_
3653,arnold-j\all_documents\605_
3654,arnold-j\all_documents\606_
3656,arnold-j\all_documents\608_
3711,arnold-j\all_documents\65_
3726,arnold-j\all_documents\673_
3749,arnold-j\all_documents\694_
3753,arnold-j\all_documents\698_
3766,arnold-j\all_documents\709_
3767,arnold-j\all_documents\70_
3782,arnold-j\all_documents\725_
3833,arnold-j\all_documents\772_
3858,arnold-j\all_documents\796_
3871,arnold-j\all_documents\807_
3883,arnold-j\all_documents\818_
3884,arnold-j\all_documents\819_
3907,arnold-j\all_documents\83_
3930,arnold-j\all_documents\860_
3950,arnold-j\all_documents\879_
3960,arnold-j\all_documents\888_
3967,arnold-j\all_documents\894_
3995,arnold-j\all_documents\91_
4003,arnold-j\all_documents\927_
4038,arnold-j\all_documents\959_
4083,arnold-j\all_documents\99_
4093,arnold-j\bmc\13_
4098,arnold-j\bmc\2_
4127,arnold-j\continental_airlines\11_
4128,arnold-j\continental_airlines\12_
4129,arnold-j\continental_airlines\1_
4134,arnold-j\continental_airlines\6_
4137,arnold-j\continental_airlines\9_
4139,arnold-j\corestaff\1_
4140,arnold-j\corestaff\2_
4169,arnold-j\deleted_items\126_
4170,arnold-j\deleted_items\127_
4179,arnold-j\deleted_items\135_
4188,arnold-j\deleted_items\143_
4204,arnold-j\deleted_items\158_
4209,arnold-j\deleted_items\162_
4211,arnold-j\deleted_items\164_
4212,arnold-j\deleted_items\165_
4215,arnold-j\deleted_items\168_
4221,arnold-j\deleted_items\173_
4227,arnold-j\deleted_items\179_
4256,arnold-j\deleted_items\204_
4259,arnold-j\deleted_items\207_
4260,arnold-j\deleted_items\208_
4282,arnold-j\deleted_items\229_
4286,arnold-j\deleted_items\232_
4302,arnold-j\deleted_items\248_
4309,arnold-j\deleted_items\254_
4310,arnold-j\deleted_items\255_
4311,arnold-j\deleted_items\256_
4313,arnold-j\deleted_items\258_
4321,arnold-j\deleted_items\265_
4327,arnold-j\deleted_items\270_
4328,arnold-j\deleted_items\271_
4339,arnold-j\deleted_items\281_
4340,arnold-j\deleted_items\282_
4342,arnold-j\deleted_items\284_
4343,arnold-j\deleted_items\285_
4348,arnold-j\deleted_items\290_
4356,arnold-j\deleted_items\298_
4357,arnold-j\deleted_items\299_
4359,arnold-j\deleted_items\300_
4367,arnold-j\deleted_items\308_
4369,arnold-j\deleted_items\30_
4372,arnold-j\deleted_items\312_
4388,arnold-j\deleted_items\328_
4396,arnold-j\deleted_items\335_
4403,arnold-j\deleted_items\341_
4410,arnold-j\deleted_items\348_
4423,arnold-j\deleted_items\35_
4425,arnold-j\deleted_items\361_
4428,arnold-j\deleted_items\364_
4435,arnold-j\deleted_items\370_
4439,arnold-j\deleted_items\374_
4453,arnold-j\deleted_items\387_
4463,arnold-j\deleted_items\397_
4474,arnold-j\deleted_items\406_
4481,arnold-j\deleted_items\412_
4486,arnold-j\deleted_items\418_
4490,arnold-j\deleted_items\421_
4499,arnold-j\deleted_items\42_
4509,arnold-j\deleted_items\439_
4516,arnold-j\deleted_items\445_
4531,arnold-j\deleted_items\459_
4540,arnold-j\deleted_items\467_
4543,arnold-j\deleted_items\46_
4545,arnold-j\deleted_items\471_
4548,arnold-j\deleted_items\474_
4555,arnold-j\deleted_items\481_
4556,arnold-j\deleted_items\482_
4558,arnold-j\deleted_items\484_
4561,arnold-j\deleted_items\48_
4567,arnold-j\deleted_items\497_
4590,arnold-j\deleted_items\517_
4591,arnold-j\deleted_items\518_
4609,arnold-j\deleted_items\535_
4613,arnold-j\deleted_items\539_
4615,arnold-j\deleted_items\540_
4617,arnold-j\deleted_items\542_
4634,arnold-j\deleted_items\558_
4645,arnold-j\deleted_items\568_
4647,arnold-j\deleted_items\56_
4660,arnold-j\deleted_items\581_
4663,arnold-j\deleted_items\59_
4696,arnold-j\deleted_items\646_
4706,arnold-j\deleted_items\656_
4712,arnold-j\deleted_items\661_
4719,arnold-j\deleted_items\668_
4732,arnold-j\deleted_items\67_
4752,arnold-j\deleted_items\698_
4753,arnold-j\deleted_items\699_
4754,arnold-j\deleted_items\69_
4756,arnold-j\deleted_items\700_
4757,arnold-j\deleted_items\701_
4758,arnold-j\deleted_items\702_
4770,arnold-j\deleted_items\713_
4790,arnold-j\deleted_items\731_
4798,arnold-j\deleted_items\739_
4808,arnold-j\deleted_items\748_
4809,arnold-j\deleted_items\749_
4811,arnold-j\deleted_items\750_
4845,arnold-j\deleted_items\83_
4864,arnold-j\dell\1_
4874,arnold-j\discussion_threads\109_
4889,arnold-j\discussion_threads\122_
4902,arnold-j\discussion_threads\134_
4904,arnold-j\discussion_threads\136_
4932,arnold-j\discussion_threads\161_
4934,arnold-j\discussion_threads\163_
4942,arnold-j\discussion_threads\170_
4943,arnold-j\discussion_threads\171_
4945,arnold-j\discussion_threads\173_
4961,arnold-j\discussion_threads\188_
4962,arnold-j\discussion_threads\189_
4998,arnold-j\discussion_threads\320_
5003,arnold-j\discussion_threads\351_
5005,arnold-j\discussion_threads\353_
5043,arnold-j\discussion_threads\388_
5055,arnold-j\discussion_threads\399_
5070,arnold-j\discussion_threads\411_
5072,arnold-j\discussion_threads\413_
5076,arnold-j\discussion_threads\417_
5083,arnold-j\discussion_threads\423_
5095,arnold-j\discussion_threads\434_
5099,arnold-j\discussion_threads\438_
5129,arnold-j\discussion_threads\465_
5144,arnold-j\discussion_threads\479_
5147,arnold-j\discussion_threads\481_
5179,arnold-j\discussion_threads\50_
5183,arnold-j\discussion_threads\513_
5188,arnold-j\discussion_threads\518_
5189,arnold-j\discussion_threads\519_
5223,arnold-j\discussion_threads\61_
5240,arnold-j\discussion_threads\77_
5243,arnold-j\discussion_threads\7_
5245,arnold-j\discussion_threads\81_
5252,arnold-j\discussion_threads\88_
5264,arnold-j\discussion_threads\99_
5298,arnold-j\inbox\12_
5303,arnold-j\inbox\140_
5321,arnold-j\inbox\157_
5334,arnold-j\inbox\169_
5358,arnold-j\inbox\29_
5369,arnold-j\inbox\39_
5383,arnold-j\inbox\51_
5386,arnold-j\inbox\54_
5390,arnold-j\inbox\58_
5452,arnold-j\notes_inbox\18_
5466,arnold-j\notes_inbox\30_
5467,arnold-j\notes_inbox\31_
5472,arnold-j\notes_inbox\36_
5473,arnold-j\notes_inbox\37_
5506,arnold-j\notes_inbox\67_
5507,arnold-j\notes_inbox\68_
5534,arnold-j\personal\4_
5537,arnold-j\requisite\1_
5538,arnold-j\requisite\2_
5539,arnold-j\requisite\3_
5540,arnold-j\requisite\4_
5546,arnold-j\sent\101_
5549,arnold-j\sent\104_
5550,arnold-j\sent\105_
5556,arnold-j\sent\110_
5598,arnold-j\sent\145_
5602,arnold-j\sent\149_
5607,arnold-j\sent\153_
5614,arnold-j\sent\15_
5630,arnold-j\sent\174_
5637,arnold-j\sent\180_
5638,arnold-j\sent\181_
5660,arnold-j\sent\200_
5666,arnold-j\sent\206_
5690,arnold-j\sent\228_
5707,arnold-j\sent\243_
5709,arnold-j\sent\245_
5720,arnold-j\sent\255_
5750,arnold-j\sent\282_
5764,arnold-j\sent\295_
5781,arnold-j\sent\30_
5783,arnold-j\sent\311_
5784,arnold-j\sent\312_
5791,arnold-j\sent\319_
5855,arnold-j\sent\377_
5869,arnold-j\sent\38_
5875,arnold-j\sent\395_
5932,arnold-j\sent\448_
5951,arnold-j\sent\465_
5955,arnold-j\sent\469_
5965,arnold-j\sent\478_
5981,arnold-j\sent\492_
6022,arnold-j\sent\52_
6032,arnold-j\sent\539_
6058,arnold-j\sent\562_
6070,arnold-j\sent\573_
6082,arnold-j\sent\584_
6083,arnold-j\sent\585_
6129,arnold-j\sent\626_
6150,arnold-j\sent\645_
6160,arnold-j\sent\654_
6167,arnold-j\sent\660_
6202,arnold-j\sent\692_
6238,arnold-j\sent\724_
6303,arnold-j\sent\783_
6310,arnold-j\sent\78_
6326,arnold-j\sent\803_
6327,arnold-j\sent\804_
6332,arnold-j\sent\809_
6350,arnold-j\sent\921_
6361,arnold-j\sent_items\100_
6377,arnold-j\sent_items\115_
6405,arnold-j\sent_items\140_
6413,arnold-j\sent_items\148_
6430,arnold-j\sent_items\163_
6455,arnold-j\sent_items\186_
6496,arnold-j\sent_items\222_
6505,arnold-j\sent_items\230_
6567,arnold-j\sent_items\290_
6638,arnold-j\sent_items\355_
6659,arnold-j\sent_items\374_
6688,arnold-j\sent_items\3_
6713,arnold-j\sent_items\422_
6714,arnold-j\sent_items\423_
6725,arnold-j\sent_items\434_
6802,arnold-j\sent_items\503_
6811,arnold-j\sent_items\511_
6827,arnold-j\sent_items\526_
6830,arnold-j\sent_items\529_
6845,arnold-j\sent_items\543_
6862,arnold-j\sent_items\559_
6871,arnold-j\sent_items\567_
6874,arnold-j\sent_items\56_
6887,arnold-j\sent_items\581_
6892,arnold-j\sent_items\586_
6900,arnold-j\sent_items\593_
6935,arnold-j\sent_items\624_
6938,arnold-j\sent_items\627_
6946,arnold-j\sent_items\634_
6973,arnold-j\sent_items\719_
6996,arnold-j\sent_items\73_
7013,arnold-j\sent_items\755_
7035,arnold-j\sent_items\775_
7040,arnold-j\sent_items\77_
7068,arnold-j\sent_items\86_
7107,arnold-j\universal_studios\2_
7120,arnold-j\_sent_mail\102_
7121,arnold-j\_sent_mail\103_
7126,arnold-j\_sent_mail\108_
7165,arnold-j\_sent_mail\13_
7169,arnold-j\_sent_mail\143_
7173,arnold-j\_sent_mail\147_
7178,arnold-j\_sent_mail\151_
7201,arnold-j\_sent_mail\172_
7207,arnold-j\_sent_mail\178_
7208,arnold-j\_sent_mail\179_
7229,arnold-j\_sent_mail\198_
7237,arnold-j\_sent_mail\204_
7261,arnold-j\_sent_mail\226_
7278,arnold-j\_sent_mail\241_
7280,arnold-j\_sent_mail\243_
7291,arnold-j\_sent_mail\253_
7321,arnold-j\_sent_mail\280_
7331,arnold-j\_sent_mail\28_
7335,arnold-j\_sent_mail\293_
7353,arnold-j\_sent_mail\309_
7355,arnold-j\_sent_mail\310_
7362,arnold-j\_sent_mail\317_
7420,arnold-j\_sent_mail\36_
7426,arnold-j\_sent_mail\375_
7446,arnold-j\_sent_mail\393_
7503,arnold-j\_sent_mail\444_
7522,arnold-j\_sent_mail\461_
7526,arnold-j\_sent_mail\465_
7536,arnold-j\_sent_mail\474_
7551,arnold-j\_sent_mail\488_
7576,arnold-j\_sent_mail\50_
7603,arnold-j\_sent_mail\535_
7628,arnold-j\_sent_mail\558_
7640,arnold-j\_sent_mail\569_
7653,arnold-j\_sent_mail\580_
7654,arnold-j\_sent_mail\581_
7700,arnold-j\_sent_mail\622_
7721,arnold-j\_sent_mail\641_
7731,arnold-j\_sent_mail\650_
7737,arnold-j\_sent_mail\656_
7772,arnold-j\_sent_mail\688_
7809,arnold-j\_sent_mail\720_
7863,arnold-j\_sent_mail\76_
7873,arnold-j\_sent_mail\779_
7895,arnold-j\_sent_mail\799_
7898,arnold-j\_sent_mail\800_
7903,arnold-j\_sent_mail\805_
7920,arnold-j\_sent_mail\917_
7930,arnold-j\_sent_mail\99_
7937,arora-h\all_documents\15_
7950,arora-h\all_documents\27_
7966,arora-h\all_documents\41_
7967,arora-h\all_documents\42_
8043,arora-h\deleted_items\143_
8074,arora-h\deleted_items\172_
8133,arora-h\deleted_items\43_
8146,arora-h\deleted_items\55_
8147,arora-h\deleted_items\56_
8161,arora-h\deleted_items\69_
8167,arora-h\deleted_items\74_
8168,arora-h\deleted_items\75_
8170,arora-h\deleted_items\77_
8172,arora-h\deleted_items\79_
8175,arora-h\deleted_items\81_
8188,arora-h\deleted_items\95_
8199,arora-h\discussion_threads\15_
8210,arora-h\discussion_threads\25_
8225,arora-h\discussion_threads\39_
8227,arora-h\discussion_threads\40_
8253,arora-h\funny\1_
8264,arora-h\inbox\saved_mail\121_
8293,arora-h\inbox\saved_mail\37_
8313,arora-h\inbox\saved_mail\55_
8391,arora-h\inbox\7_
8411,arora-h\savedmail\12_
8412,arora-h\savedmail\13_
8424,arora-h\savedmail\24_
8462,arora-h\savedmail\59_
8464,arora-h\savedmail\60_
8487,arora-h\savedmail\81_
8490,arora-h\savedmail\84_
8522,arora-h\sent_items\23_
8531,arora-h\sent_items\31_
8539,arora-h\sent_items\39_
8544,arora-h\sent_items\43_
8545,arora-h\sent_items\44_
8547,arora-h\sent_items\46_
8552,arora-h\sent_items\50_
8553,arora-h\sent_items\51_
8555,arora-h\sent_items\53_
8556,arora-h\sent_items\54_
8598,badeer-r\all_documents\111_
8599,badeer-r\all_documents\112_
8601,badeer-r\all_documents\114_
8608,badeer-r\all_documents\120_
8609,badeer-r\all_documents\121_
8616,badeer-r\all_documents\128_
8620,badeer-r\all_documents\131_
8624,badeer-r\all_documents\135_
8629,badeer-r\all_documents\13_
8632,badeer-r\all_documents\142_
8639,badeer-r\all_documents\149_
8641,badeer-r\all_documents\150_
8645,badeer-r\all_documents\154_
8649,badeer-r\all_documents\158_
8652,badeer-r\all_documents\160_
8666,badeer-r\all_documents\173_
8668,badeer-r\all_documents\175_
8673,badeer-r\all_documents\17_
8725,badeer-r\all_documents\227_
8739,badeer-r\all_documents\23_
8743,badeer-r\all_documents\243_
8774,badeer-r\all_documents\271_
8802,badeer-r\all_documents\297_
8803,badeer-r\all_documents\298_
8808,badeer-r\all_documents\301_
8817,badeer-r\all_documents\39_
8820,badeer-r\all_documents\41_
8836,badeer-r\all_documents\56_
8851,badeer-r\all_documents\6_
8854,badeer-r\all_documents\72_
8856,badeer-r\all_documents\74_
8860,badeer-r\all_documents\78_
8864,badeer-r\all_documents\81_
8865,badeer-r\all_documents\82_
8871,badeer-r\all_documents\88_
8897,badeer-r\california\21_
8953,badeer-r\california\8_
8959,badeer-r\cal_articles\5_
8962,badeer-r\cal_articles\8_
8966,badeer-r\capx\4_
8993,badeer-r\discussion_threads\109_
8996,badeer-r\discussion_threads\111_
9010,badeer-r\discussion_threads\124_
9012,badeer-r\discussion_threads\126_
9017,badeer-r\discussion_threads\130_
9020,badeer-r\discussion_threads\133_
9021,badeer-r\discussion_threads\134_
9026,badeer-r\discussion_threads\139_
9033,badeer-r\discussion_threads\145_
9037,badeer-r\discussion_threads\149_
9041,badeer-r\discussion_threads\152_
9048,badeer-r\discussion_threads\159_
9050,badeer-r\discussion_threads\160_
9056,badeer-r\discussion_threads\166_
9058,badeer-r\discussion_threads\168_
9059,badeer-r\discussion_threads\169_
9081,badeer-r\discussion_threads\189_
9088,badeer-r\discussion_threads\195_
9089,badeer-r\discussion_threads\196_
9092,badeer-r\discussion_threads\199_
9098,badeer-r\discussion_threads\203_
9100,badeer-r\discussion_threads\205_
9118,badeer-r\discussion_threads\221_
9134,badeer-r\discussion_threads\236_
9136,badeer-r\discussion_threads\238_
9153,badeer-r\discussion_threads\254_
9160,badeer-r\discussion_threads\260_
9164,badeer-r\discussion_threads\264_
9172,badeer-r\discussion_threads\271_
9178,badeer-r\discussion_threads\277_
9180,badeer-r\discussion_threads\27_
9183,badeer-r\discussion_threads\2_
9194,badeer-r\discussion_threads\3_
9208,badeer-r\discussion_threads\52_
9223,badeer-r\discussion_threads\66_
9261,badeer-r\dj_articles\1_
9262,badeer-r\dj_articles\2_
9263,badeer-r\dj_articles\3_
9264,badeer-r\dj_articles\4_
9265,badeer-r\dj_articles\5_
9266,badeer-r\dj_articles\6_
9267,badeer-r\dj_articles\7_
9272,badeer-r\memo_s\1_
9277,badeer-r\memo_s\6_
9284,badeer-r\notes_inbox\102_
9294,badeer-r\notes_inbox\111_
9302,badeer-r\notes_inbox\13_
9306,badeer-r\notes_inbox\17_
9313,badeer-r\notes_inbox\23_
9329,badeer-r\notes_inbox\39_
9332,badeer-r\notes_inbox\41_
9348,badeer-r\notes_inbox\56_
9363,badeer-r\notes_inbox\6_
9366,badeer-r\notes_inbox\72_
9368,badeer-r\notes_inbox\74_
9372,badeer-r\notes_inbox\78_
9378,badeer-r\notes_inbox\83_
9393,badeer-r\notes_inbox\97_
9400,badeer-r\press_releases\4_
9401,badeer-r\press_releases\5_
9434,badeer-r\_sent_mail\32_
9448,badeer-r\_sent_mail\45_
9455,badeer-r\_sent_mail\51_
9458,badeer-r\_sent_mail\5_
9462,badeer-r\_sent_mail\9_
9469,bailey-s\all_documents\16_
9478,bailey-s\all_documents\9_
9479,bailey-s\deleted_items\100_
9481,bailey-s\deleted_items\102_
9486,bailey-s\deleted_items\107_
9487,bailey-s\deleted_items\108_
9552,bailey-s\deleted_items\168_
9553,bailey-s\deleted_items\169_
9567,bailey-s\deleted_items\181_
9568,bailey-s\deleted_items\182_
9569,bailey-s\deleted_items\183_
9571,bailey-s\deleted_items\185_
9572,bailey-s\deleted_items\186_
9588,bailey-s\deleted_items\1_
9616,bailey-s\deleted_items\225_
9674,bailey-s\deleted_items\278_
9699,bailey-s\deleted_items\2_
9714,bailey-s\deleted_items\313_
9719,bailey-s\deleted_items\318_
9725,bailey-s\deleted_items\323_
9771,bailey-s\deleted_items\365_
9789,bailey-s\deleted_items\381_
9793,bailey-s\deleted_items\385_
9794,bailey-s\deleted_items\386_
9795,bailey-s\deleted_items\387_
9798,bailey-s\deleted_items\38_
9811,bailey-s\deleted_items\400_
9834,bailey-s\deleted_items\421_
9838,bailey-s\deleted_items\425_
9840,bailey-s\deleted_items\427_
9879,bailey-s\deleted_items\6_
9884,bailey-s\deleted_items\74_
9918,bailey-s\notes_inbox\1_
9925,bailey-s\notes_inbox\8_
9930,bailey-s\sent_items\16_
9931,bailey-s\sent_items\17_
9938,bailey-s\sent_items\6_
9942,bass-e\all_documents\1001_
9962,bass-e\all_documents\101_
9984,bass-e\all_documents\103_
