2,allen-p\all_documents\102_
107,allen-p\all_documents\19_
172,allen-p\all_documents\259_
280,allen-p\all_documents\358_
287,allen-p\all_documents\364_
291,allen-p\all_documents\368_
294,allen-p\all_documents\370_
383,allen-p\all_documents\450_
389,allen-p\all_documents\456_
438,allen-p\all_documents\4_
448,allen-p\all_documents\509_
524,allen-p\all_documents\578_
559,allen-p\all_documents\60_
570,allen-p\all_documents\61_
583,allen-p\all_documents\67_
631,allen-p\deleted_items\101_
637,allen-p\deleted_items\107_
645,allen-p\deleted_items\114_
660,allen-p\deleted_items\129_
683,allen-p\deleted_items\151_
711,allen-p\deleted_items\178_
728,allen-p\deleted_items\193_
730,allen-p\deleted_items\196_
742,allen-p\deleted_items\206_
744,allen-p\deleted_items\208_
774,allen-p\deleted_items\23_
781,allen-p\deleted_items\247_
795,allen-p\deleted_items\25_
810,allen-p\deleted_items\31_
816,allen-p\deleted_items\344_
826,allen-p\deleted_items\354_
851,allen-p\deleted_items\379_
858,allen-p\deleted_items\385_
861,allen-p\deleted_items\388_
862,allen-p\deleted_items\389_
878,allen-p\deleted_items\403_
888,allen-p\deleted_items\412_
898,allen-p\deleted_items\421_
914,allen-p\deleted_items\437_
920,allen-p\deleted_items\443_
941,allen-p\deleted_items\51_
944,allen-p\deleted_items\54_
963,allen-p\deleted_items\73_
972,allen-p\deleted_items\82_
979,allen-p\deleted_items\89_
988,allen-p\deleted_items\98_
1054,allen-p\discussion_threads\158_
1082,allen-p\discussion_threads\183_
1083,allen-p\discussion_threads\184_
1119,allen-p\discussion_threads\217_
1132,allen-p\discussion_threads\230_
1182,allen-p\discussion_threads\400_
1281,allen-p\discussion_threads\490_
1335,allen-p\discussion_threads\539_
1336,allen-p\discussion_threads\53_
1338,allen-p\discussion_threads\541_
1341,allen-p\discussion_threads\544_
1346,allen-p\discussion_threads\549_
1405,allen-p\inbox\12_
1436,allen-p\inbox\40_
1467,allen-p\inbox\8_
1476,allen-p\notes_inbox\19_
1507,allen-p\notes_inbox\47_
1510,allen-p\notes_inbox\4_
1511,allen-p\notes_inbox\50_
1626,allen-p\sent\19_
1638,allen-p\sent\20_
1642,allen-p\sent\213_
1692,allen-p\sent\25_
1742,allen-p\sent\305_
1744,allen-p\sent\307_
1831,allen-p\sent\386_
1895,allen-p\sent\443_
1970,allen-p\sent\510_
2028,allen-p\sent\60_
2097,allen-p\sent_items\117_
2098,allen-p\sent_items\118_
2110,allen-p\sent_items\129_
2147,allen-p\sent_items\163_
2159,allen-p\sent_items\174_
2185,allen-p\sent_items\198_
2190,allen-p\sent_items\201_
2191,allen-p\sent_items\202_
2210,allen-p\sent_items\21_
2241,allen-p\sent_items\248_
2359,allen-p\sent_items\42_
2362,allen-p\sent_items\44_
2444,allen-p\_sent_mail\107_
2614,allen-p\_sent_mail\260_
2713,allen-p\_sent_mail\352_
2715,allen-p\_sent_mail\354_
2797,allen-p\_sent_mail\433_
2860,allen-p\_sent_mail\490_
2934,allen-p\_sent_mail\557_
2994,allen-p\_sent_mail\66_
2995,allen-p\_sent_mail\67_
3001,allen-p\_sent_mail\72_
3011,allen-p\_sent_mail\7_
3033,allen-p\_sent_mail\9_
3062,arnold-j\all_documents\1023_
3124,arnold-j\all_documents\132_
3126,arnold-j\all_documents\134_
3135,arnold-j\all_documents\1400_
3161,arnold-j\all_documents\162_
3202,arnold-j\all_documents\19_
3242,arnold-j\all_documents\235_
3269,arnold-j\all_documents\25_
3296,arnold-j\all_documents\284_
3406,arnold-j\all_documents\383_
3418,arnold-j\all_documents\394_
3431,arnold-j\all_documents\405_
3490,arnold-j\all_documents\459_
3499,arnold-j\all_documents\467_
3575,arnold-j\all_documents\535_
3638,arnold-j\all_documents\592_
3653,arnold-j\all_documents\605_
3654,arnold-j\all_documents\606_
3657,arnold-j\all_documents\609_
3703,arnold-j\all_documents\652_
3756,arnold-j\all_documents\6_
3819,arnold-j\all_documents\75_
3995,arnold-j\all_documents\91_
4086,arnold-j\avaya\2_
4087,arnold-j\avaya\3_
4088,arnold-j\avaya\4_
4089,arnold-j\avaya\5_
4139,arnold-j\corestaff\1_
4140,arnold-j\corestaff\2_
4144,arnold-j\deleted_items\103_
4148,arnold-j\deleted_items\107_
4170,arnold-j\deleted_items\127_
4177,arnold-j\deleted_items\133_
4179,arnold-j\deleted_items\135_
4192,arnold-j\deleted_items\147_
4202,arnold-j\deleted_items\156_
4206,arnold-j\deleted_items\15_
4209,arnold-j\deleted_items\162_
4227,arnold-j\deleted_items\179_
4229,arnold-j\deleted_items\180_
4239,arnold-j\deleted_items\18_
4255,arnold-j\deleted_items\203_
4260,arnold-j\deleted_items\208_
4285,arnold-j\deleted_items\231_
4286,arnold-j\deleted_items\232_
4296,arnold-j\deleted_items\242_
4297,arnold-j\deleted_items\243_
4310,arnold-j\deleted_items\255_
4319,arnold-j\deleted_items\263_
4321,arnold-j\deleted_items\265_
4322,arnold-j\deleted_items\266_
4333,arnold-j\deleted_items\276_
4360,arnold-j\deleted_items\301_
4373,arnold-j\deleted_items\313_
4383,arnold-j\deleted_items\323_
4394,arnold-j\deleted_items\333_
4395,arnold-j\deleted_items\334_
4401,arnold-j\deleted_items\33_
4418,arnold-j\deleted_items\355_
4425,arnold-j\deleted_items\361_
4429,arnold-j\deleted_items\365_
4430,arnold-j\deleted_items\366_
4437,arnold-j\deleted_items\372_
4439,arnold-j\deleted_items\374_
4441,arnold-j\deleted_items\376_
4456,arnold-j\deleted_items\38_
4461,arnold-j\deleted_items\395_
4463,arnold-j\deleted_items\397_
4474,arnold-j\deleted_items\406_
4488,arnold-j\deleted_items\41_
4492,arnold-j\deleted_items\423_
4495,arnold-j\deleted_items\426_
4501,arnold-j\deleted_items\431_
4509,arnold-j\deleted_items\439_
4510,arnold-j\deleted_items\43_
4527,arnold-j\deleted_items\455_
4536,arnold-j\deleted_items\463_
4537,arnold-j\deleted_items\464_
4540,arnold-j\deleted_items\467_
4541,arnold-j\deleted_items\468_
4545,arnold-j\deleted_items\471_
4552,arnold-j\deleted_items\479_
4553,arnold-j\deleted_items\47_
4554,arnold-j\deleted_items\480_
4556,arnold-j\deleted_items\482_
4558,arnold-j\deleted_items\484_
4561,arnold-j\deleted_items\48_
4566,arnold-j\deleted_items\494_
4567,arnold-j\deleted_items\497_
4578,arnold-j\deleted_items\506_
4579,arnold-j\deleted_items\507_
4580,arnold-j\deleted_items\508_
4588,arnold-j\deleted_items\515_
4590,arnold-j\deleted_items\517_
4591,arnold-j\deleted_items\518_
4598,arnold-j\deleted_items\524_
4613,arnold-j\deleted_items\539_
4615,arnold-j\deleted_items\540_
4622,arnold-j\deleted_items\547_
4626,arnold-j\deleted_items\550_
4632,arnold-j\deleted_items\556_
4643,arnold-j\deleted_items\566_
4651,arnold-j\deleted_items\573_
4660,arnold-j\deleted_items\581_
4671,arnold-j\deleted_items\622_
4679,arnold-j\deleted_items\62_
4687,arnold-j\deleted_items\638_
4692,arnold-j\deleted_items\642_
4696,arnold-j\deleted_items\646_
4701,arnold-j\deleted_items\650_
4707,arnold-j\deleted_items\657_
4712,arnold-j\deleted_items\661_
4717,arnold-j\deleted_items\666_
4719,arnold-j\deleted_items\668_
4734,arnold-j\deleted_items\681_
4753,arnold-j\deleted_items\699_
4754,arnold-j\deleted_items\69_
4758,arnold-j\deleted_items\702_
4762,arnold-j\deleted_items\706_
4772,arnold-j\deleted_items\715_
4798,arnold-j\deleted_items\739_
4808,arnold-j\deleted_items\748_
4809,arnold-j\deleted_items\749_
4811,arnold-j\deleted_items\750_
4817,arnold-j\deleted_items\756_
4821,arnold-j\deleted_items\75_
4845,arnold-j\deleted_items\83_
4904,arnold-j\discussion_threads\136_
4969,arnold-j\discussion_threads\195_
5165,arnold-j\discussion_threads\498_
5186,arnold-j\discussion_threads\516_
5188,arnold-j\discussion_threads\518_
5189,arnold-j\discussion_threads\519_
5202,arnold-j\discussion_threads\530_
5226,arnold-j\discussion_threads\64_
5324,arnold-j\inbox\15_
5348,arnold-j\inbox\209_
5369,arnold-j\inbox\39_
5386,arnold-j\inbox\54_
5390,arnold-j\inbox\58_
5435,arnold-j\inbox\99_
5441,arnold-j\nepco\1_
5447,arnold-j\notes_inbox\13_
5494,arnold-j\notes_inbox\56_
5506,arnold-j\notes_inbox\67_
5507,arnold-j\notes_inbox\68_
5510,arnold-j\notes_inbox\70_
5546,arnold-j\sent\101_
5564,arnold-j\sent\1162_
5660,arnold-j\sent\200_
5672,arnold-j\sent\211_
5684,arnold-j\sent\222_
5742,arnold-j\sent\275_
5751,arnold-j\sent\283_
5826,arnold-j\sent\350_
5913,arnold-j\sent\430_
6022,arnold-j\sent\52_
6307,arnold-j\sent\787_
6403,arnold-j\sent_items\139_
6430,arnold-j\sent_items\163_
6567,arnold-j\sent_items\290_
6676,arnold-j\sent_items\38_
6834,arnold-j\sent_items\532_
6892,arnold-j\sent_items\586_
6971,arnold-j\sent_items\717_
7136,arnold-j\_sent_mail\1158_
7229,arnold-j\_sent_mail\198_
7242,arnold-j\_sent_mail\209_
7255,arnold-j\_sent_mail\220_
7313,arnold-j\_sent_mail\273_
7322,arnold-j\_sent_mail\281_
7396,arnold-j\_sent_mail\348_
7483,arnold-j\_sent_mail\426_
7576,arnold-j\_sent_mail\50_
7878,arnold-j\_sent_mail\783_
7930,arnold-j\_sent_mail\99_
7979,arora-h\all_documents\53_
8005,arora-h\deleted_items\108_
8006,arora-h\deleted_items\109_
8008,arora-h\deleted_items\110_
8010,arora-h\deleted_items\113_
8011,arora-h\deleted_items\114_
8034,arora-h\deleted_items\135_
8035,arora-h\deleted_items\136_
8037,arora-h\deleted_items\138_
8049,arora-h\deleted_items\149_
8061,arora-h\deleted_items\160_
8073,arora-h\deleted_items\171_
8079,arora-h\deleted_items\177_
8080,arora-h\deleted_items\178_
8083,arora-h\deleted_items\180_
8096,arora-h\deleted_items\193_
8126,arora-h\deleted_items\37_
8134,arora-h\deleted_items\44_
8151,arora-h\deleted_items\5_
8162,arora-h\deleted_items\6_
8165,arora-h\deleted_items\72_
8166,arora-h\deleted_items\73_
8167,arora-h\deleted_items\74_
8168,arora-h\deleted_items\75_
8169,arora-h\deleted_items\76_
8170,arora-h\deleted_items\77_
8171,arora-h\deleted_items\78_
8186,arora-h\deleted_items\93_
8259,arora-h\inbox\receipts\1_
8272,arora-h\inbox\saved_mail\18_
8307,arora-h\inbox\saved_mail\4_
8342,arora-h\inbox\22_
8344,arora-h\inbox\24_
8389,arora-h\inbox\78_
8391,arora-h\inbox\7_
8396,arora-h\inbox\84_
8405,arora-h\inbox\92_
8406,arora-h\inbox\93_
8490,arora-h\savedmail\84_
8503,arora-h\sent\5_
8535,arora-h\sent_items\35_
8587,badeer-r\all_documents\101_
8600,badeer-r\all_documents\113_
8613,badeer-r\all_documents\125_
8615,badeer-r\all_documents\127_
8620,badeer-r\all_documents\131_
8621,badeer-r\all_documents\132_
8629,badeer-r\all_documents\13_
8632,badeer-r\all_documents\142_
8634,badeer-r\all_documents\144_
8639,badeer-r\all_documents\149_
8642,badeer-r\all_documents\151_
8655,badeer-r\all_documents\163_
8741,badeer-r\all_documents\241_
8793,badeer-r\all_documents\289_
8807,badeer-r\all_documents\300_
8808,badeer-r\all_documents\301_
8820,badeer-r\all_documents\41_
8844,badeer-r\all_documents\63_
8865,badeer-r\all_documents\82_
8880,badeer-r\all_documents\96_
8897,badeer-r\california\21_
8917,badeer-r\california\3_
8948,badeer-r\california\68_
8955,badeer-r\cal_articles\1_
8957,badeer-r\cal_articles\3_
8960,badeer-r\cal_articles\6_
8962,badeer-r\cal_articles\8_
9005,badeer-r\discussion_threads\11_
9007,badeer-r\discussion_threads\121_
9019,badeer-r\discussion_threads\132_
9021,badeer-r\discussion_threads\134_
9025,badeer-r\discussion_threads\138_
9026,badeer-r\discussion_threads\139_
9036,badeer-r\discussion_threads\148_
9037,badeer-r\discussion_threads\149_
9042,badeer-r\discussion_threads\153_
9044,badeer-r\discussion_threads\155_
9057,badeer-r\discussion_threads\167_
9069,badeer-r\discussion_threads\178_
9073,badeer-r\discussion_threads\181_
9088,badeer-r\discussion_threads\195_
9110,badeer-r\discussion_threads\214_
9134,badeer-r\discussion_threads\236_
9164,badeer-r\discussion_threads\264_
9178,badeer-r\discussion_threads\277_
9179,badeer-r\discussion_threads\278_
9210,badeer-r\discussion_threads\54_
9265,badeer-r\dj_articles\5_
9275,badeer-r\memo_s\4_
9287,badeer-r\notes_inbox\105_
9299,badeer-r\notes_inbox\116_
9302,badeer-r\notes_inbox\13_
9332,badeer-r\notes_inbox\41_
9356,badeer-r\notes_inbox\63_
9372,badeer-r\notes_inbox\78_
9389,badeer-r\notes_inbox\93_
9395,badeer-r\notes_inbox\99_
9447,badeer-r\_sent_mail\44_
9459,badeer-r\_sent_mail\6_
9462,badeer-r\_sent_mail\9_
9468,bailey-s\all_documents\15_
9479,bailey-s\deleted_items\100_
9524,bailey-s\deleted_items\141_
9537,bailey-s\deleted_items\153_
9544,bailey-s\deleted_items\160_
9589,bailey-s\deleted_items\200_
9611,bailey-s\deleted_items\220_
9616,bailey-s\deleted_items\225_
9626,bailey-s\deleted_items\234_
9770,bailey-s\deleted_items\364_
9784,bailey-s\deleted_items\377_
9810,bailey-s\deleted_items\3_
9879,bailey-s\deleted_items\6_
9886,bailey-s\deleted_items\76_
9890,bailey-s\deleted_items\7_
9902,bailey-s\deleted_items\90_
9919,bailey-s\notes_inbox\2_
9942,bass-e\all_documents\1001_
