48,allen-p\all_documents\146_
165,allen-p\all_documents\252_
221,allen-p\all_documents\303_
281,allen-p\all_documents\359_
759,allen-p\deleted_items\226_
896,allen-p\deleted_items\41_
961,allen-p\deleted_items\71_
990,allen-p\deleted_items\9_
1016,allen-p\discussion_threads\123_
1345,allen-p\discussion_threads\548_
1508,allen-p\notes_inbox\48_
1521,allen-p\sent\104_
1634,allen-p\sent\206_
1688,allen-p\sent\256_
2106,allen-p\sent_items\125_
2110,allen-p\sent_items\129_
2241,allen-p\sent_items\248_
2493,allen-p\_sent_mail\151_
2606,allen-p\_sent_mail\253_
2661,allen-p\_sent_mail\303_
3103,arnold-j\all_documents\1157_
3287,arnold-j\all_documents\276_
3359,arnold-j\all_documents\340_
3367,arnold-j\all_documents\348_
3368,arnold-j\all_documents\349_
3371,arnold-j\all_documents\351_
3541,arnold-j\all_documents\504_
3626,arnold-j\all_documents\581_
3638,arnold-j\all_documents\592_
3653,arnold-j\all_documents\605_
3658,arnold-j\all_documents\60_
4144,arnold-j\deleted_items\103_
4148,arnold-j\deleted_items\107_
4179,arnold-j\deleted_items\135_
4207,arnold-j\deleted_items\160_
4282,arnold-j\deleted_items\229_
4311,arnold-j\deleted_items\256_
4328,arnold-j\deleted_items\271_
4333,arnold-j\deleted_items\276_
4339,arnold-j\deleted_items\281_
4396,arnold-j\deleted_items\335_
4439,arnold-j\deleted_items\374_
4561,arnold-j\deleted_items\48_
4566,arnold-j\deleted_items\494_
4604,arnold-j\deleted_items\52_
4615,arnold-j\deleted_items\540_
4622,arnold-j\deleted_items\547_
4626,arnold-j\deleted_items\550_
4647,arnold-j\deleted_items\56_
4701,arnold-j\deleted_items\650_
4716,arnold-j\deleted_items\665_
4754,arnold-j\deleted_items\69_
4758,arnold-j\deleted_items\702_
4774,arnold-j\deleted_items\717_
4778,arnold-j\deleted_items\720_
4780,arnold-j\deleted_items\722_
4811,arnold-j\deleted_items\750_
4817,arnold-j\deleted_items\756_
4845,arnold-j\deleted_items\83_
4879,arnold-j\discussion_threads\113_
4881,arnold-j\discussion_threads\115_
4998,arnold-j\discussion_threads\320_
5189,arnold-j\discussion_threads\519_
5202,arnold-j\discussion_threads\530_
5213,arnold-j\discussion_threads\540_
5271,arnold-j\etol\1_
5321,arnold-j\inbox\157_
5348,arnold-j\inbox\209_
5435,arnold-j\inbox\99_
5482,arnold-j\notes_inbox\45_
5494,arnold-j\notes_inbox\56_
5506,arnold-j\notes_inbox\67_
5611,arnold-j\sent\157_
5620,arnold-j\sent\165_
5621,arnold-j\sent\166_
5623,arnold-j\sent\168_
5793,arnold-j\sent\320_
6350,arnold-j\sent\921_
6352,arnold-j\sent\93_
6413,arnold-j\sent_items\148_
7182,arnold-j\_sent_mail\155_
7191,arnold-j\_sent_mail\163_
7192,arnold-j\_sent_mail\164_
7194,arnold-j\_sent_mail\166_
7363,arnold-j\_sent_mail\318_
7920,arnold-j\_sent_mail\917_
7921,arnold-j\_sent_mail\91_
8011,arora-h\deleted_items\114_
8035,arora-h\deleted_items\136_
8079,arora-h\deleted_items\177_
8083,arora-h\deleted_items\180_
8162,arora-h\deleted_items\6_
8342,arora-h\inbox\22_
8344,arora-h\inbox\24_
8354,arora-h\inbox\34_
8406,arora-h\inbox\93_
8567,arora-h\sent_items\64_
8807,badeer-r\all_documents\300_
9179,badeer-r\discussion_threads\278_
9299,badeer-r\notes_inbox\116_
9567,bailey-s\deleted_items\181_
