107,allen-p\all_documents\19_
235,allen-p\all_documents\316_
317,allen-p\all_documents\391_
438,allen-p\all_documents\4_
625,allen-p\all_documents\98_
944,allen-p\deleted_items\54_
1119,allen-p\discussion_threads\217_
1131,allen-p\discussion_threads\22_
1132,allen-p\discussion_threads\230_
1322,allen-p\discussion_threads\527_
1476,allen-p\notes_inbox\19_
1510,allen-p\notes_inbox\4_
1767,allen-p\sent\328_
2023,allen-p\sent\56_
2119,allen-p\sent_items\137_
2179,allen-p\sent_items\192_
2323,allen-p\sent_items\377_
2385,allen-p\sent_items\65_
2426,allen-p\straw\3_
2440,allen-p\_sent_mail\103_
2668,allen-p\_sent_mail\30_
2735,allen-p\_sent_mail\375_
3035,arnold-j\2000_conference\2_
3095,arnold-j\all_documents\108_
3121,arnold-j\all_documents\12_
3134,arnold-j\all_documents\13_
3161,arnold-j\all_documents\162_
3214,arnold-j\all_documents\20_
3227,arnold-j\all_documents\221_
3228,arnold-j\all_documents\222_
3236,arnold-j\all_documents\22_
3335,arnold-j\all_documents\319_
3358,arnold-j\all_documents\33_
3374,arnold-j\all_documents\354_
3382,arnold-j\all_documents\361_
3432,arnold-j\all_documents\406_
3434,arnold-j\all_documents\408_
3491,arnold-j\all_documents\45_
3520,arnold-j\all_documents\486_
3524,arnold-j\all_documents\48_
3626,arnold-j\all_documents\581_
3635,arnold-j\all_documents\58_
3653,arnold-j\all_documents\605_
3654,arnold-j\all_documents\606_
3711,arnold-j\all_documents\65_
3792,arnold-j\all_documents\734_
3914,arnold-j\all_documents\846_
3930,arnold-j\all_documents\860_
4034,arnold-j\all_documents\955_
4050,arnold-j\all_documents\96_
4129,arnold-j\continental_airlines\1_
4133,arnold-j\continental_airlines\5_
4134,arnold-j\continental_airlines\6_
4137,arnold-j\continental_airlines\9_
4148,arnold-j\deleted_items\107_
4234,arnold-j\deleted_items\185_
4240,arnold-j\deleted_items\190_
4243,arnold-j\deleted_items\193_
4248,arnold-j\deleted_items\198_
4343,arnold-j\deleted_items\285_
4423,arnold-j\deleted_items\35_
4425,arnold-j\deleted_items\361_
4463,arnold-j\deleted_items\397_
4474,arnold-j\deleted_items\406_
4509,arnold-j\deleted_items\439_
4516,arnold-j\deleted_items\445_
4541,arnold-j\deleted_items\468_
4545,arnold-j\deleted_items\471_
4556,arnold-j\deleted_items\482_
4558,arnold-j\deleted_items\484_
4566,arnold-j\deleted_items\494_
4591,arnold-j\deleted_items\518_
4644,arnold-j\deleted_items\567_
4668,arnold-j\deleted_items\61_
4696,arnold-j\deleted_items\646_
4712,arnold-j\deleted_items\661_
4757,arnold-j\deleted_items\701_
4758,arnold-j\deleted_items\702_
4809,arnold-j\deleted_items\749_
4811,arnold-j\deleted_items\750_
4928,arnold-j\discussion_threads\158_
4929,arnold-j\discussion_threads\159_
4969,arnold-j\discussion_threads\195_
5046,arnold-j\discussion_threads\390_
5083,arnold-j\discussion_threads\423_
5088,arnold-j\discussion_threads\428_
5123,arnold-j\discussion_threads\45_
5188,arnold-j\discussion_threads\518_
5189,arnold-j\discussion_threads\519_
5213,arnold-j\discussion_threads\540_
5275,arnold-j\fedex\2_
5277,arnold-j\fedex\4_
5351,arnold-j\inbox\22_
5369,arnold-j\inbox\39_
5386,arnold-j\inbox\54_
5415,arnold-j\inbox\80_
5437,arnold-j\kinko_s\1_
5438,arnold-j\kinko_s\2_
5439,arnold-j\kinko_s\3_
5447,arnold-j\notes_inbox\13_
5475,arnold-j\notes_inbox\39_
5477,arnold-j\notes_inbox\40_
5482,arnold-j\notes_inbox\45_
5506,arnold-j\notes_inbox\67_
5507,arnold-j\notes_inbox\68_
5588,arnold-j\sent\136_
5627,arnold-j\sent\171_
5634,arnold-j\sent\178_
5685,arnold-j\sent\223_
5687,arnold-j\sent\225_
5773,arnold-j\sent\302_
5992,arnold-j\sent\501_
6114,arnold-j\sent\612_
6129,arnold-j\sent\626_
6234,arnold-j\sent\720_
6370,arnold-j\sent_items\109_
6403,arnold-j\sent_items\139_
6405,arnold-j\sent_items\140_
6430,arnold-j\sent_items\163_
6663,arnold-j\sent_items\378_
6669,arnold-j\sent_items\383_
6836,arnold-j\sent_items\534_
6892,arnold-j\sent_items\586_
7090,arnold-j\sony\6_
7159,arnold-j\_sent_mail\134_
7197,arnold-j\_sent_mail\169_
7205,arnold-j\_sent_mail\176_
7256,arnold-j\_sent_mail\221_
7258,arnold-j\_sent_mail\223_
7344,arnold-j\_sent_mail\300_
7561,arnold-j\_sent_mail\497_
7684,arnold-j\_sent_mail\608_
7700,arnold-j\_sent_mail\622_
7804,arnold-j\_sent_mail\716_
7961,arora-h\all_documents\37_
7969,arora-h\all_documents\44_
7971,arora-h\all_documents\46_
7977,arora-h\all_documents\51_
8008,arora-h\deleted_items\110_
8009,arora-h\deleted_items\111_
8080,arora-h\deleted_items\178_
8134,arora-h\deleted_items\44_
8153,arora-h\deleted_items\61_
8165,arora-h\deleted_items\72_
8168,arora-h\deleted_items\75_
8221,arora-h\discussion_threads\35_
8229,arora-h\discussion_threads\42_
8231,arora-h\discussion_threads\44_
8235,arora-h\discussion_threads\48_
8300,arora-h\inbox\saved_mail\43_
8304,arora-h\inbox\saved_mail\47_
8307,arora-h\inbox\saved_mail\4_
8327,arora-h\inbox\saved_mail\8_
8367,arora-h\inbox\4_
8405,arora-h\inbox\92_
8536,arora-h\sent_items\36_
8578,arora-h\vanderbilt\2_
8580,arora-h\vanderbilt\4_
8582,arora-h\vanderbilt\6_
8583,arora-h\vanderbilt\7_
8617,badeer-r\all_documents\129_
8642,badeer-r\all_documents\151_
8655,badeer-r\all_documents\163_
8808,badeer-r\all_documents\301_
8879,badeer-r\all_documents\95_
8960,badeer-r\cal_articles\6_
8962,badeer-r\cal_articles\8_
8964,badeer-r\capx\2_
9007,badeer-r\discussion_threads\121_
9019,badeer-r\discussion_threads\132_
9040,badeer-r\discussion_threads\151_
9074,badeer-r\discussion_threads\182_
9178,badeer-r\discussion_threads\277_
9287,badeer-r\notes_inbox\105_
9386,badeer-r\notes_inbox\90_
9775,bailey-s\deleted_items\369_
9934,bailey-s\sent_items\2_
9956,bass-e\all_documents\1014_
9992,bass-e\all_documents\1047_
9994,bass-e\all_documents\1049_
