11,allen-p\all_documents\110_
12,allen-p\all_documents\111_
27,allen-p\all_documents\125_
75,allen-p\all_documents\170_
144,allen-p\all_documents\233_
292,allen-p\all_documents\369_
353,allen-p\all_documents\423_
371,allen-p\all_documents\43_
381,allen-p\all_documents\449_
393,allen-p\all_documents\45_
394,allen-p\all_documents\460_
432,allen-p\all_documents\495_
452,allen-p\all_documents\512_
453,allen-p\all_documents\513_
454,allen-p\all_documents\514_
465,allen-p\all_documents\524_
479,allen-p\all_documents\537_
481,allen-p\all_documents\539_
490,allen-p\all_documents\547_
491,allen-p\all_documents\548_
502,allen-p\all_documents\558_
510,allen-p\all_documents\565_
519,allen-p\all_documents\573_
524,allen-p\all_documents\578_
542,allen-p\all_documents\595_
574,allen-p\all_documents\623_
612,allen-p\all_documents\86_
620,allen-p\all_documents\93_
630,allen-p\deleted_items\100_
655,allen-p\deleted_items\124_
728,allen-p\deleted_items\193_
735,allen-p\deleted_items\1_
744,allen-p\deleted_items\208_
747,allen-p\deleted_items\210_
848,allen-p\deleted_items\375_
897,allen-p\deleted_items\420_
930,allen-p\deleted_items\452_
944,allen-p\deleted_items\54_
948,allen-p\deleted_items\5_
998,allen-p\discussion_threads\107_
1033,allen-p\discussion_threads\139_
1048,allen-p\discussion_threads\152_
1049,allen-p\discussion_threads\153_
1060,allen-p\discussion_threads\163_
1065,allen-p\discussion_threads\168_
1093,allen-p\discussion_threads\193_
1095,allen-p\discussion_threads\195_
1152,allen-p\discussion_threads\373_
1182,allen-p\discussion_threads\400_
1187,allen-p\discussion_threads\405_
1193,allen-p\discussion_threads\410_
1198,allen-p\discussion_threads\415_
1205,allen-p\discussion_threads\421_
1206,allen-p\discussion_threads\422_
1212,allen-p\discussion_threads\428_
1213,allen-p\discussion_threads\429_
1224,allen-p\discussion_threads\439_
1232,allen-p\discussion_threads\446_
1233,allen-p\discussion_threads\447_
1244,allen-p\discussion_threads\457_
1274,allen-p\discussion_threads\484_
1337,allen-p\discussion_threads\540_
1444,allen-p\inbox\62_
1456,allen-p\inbox\73_
1459,allen-p\inbox\78_
1461,allen-p\inbox\7_
1546,allen-p\sent\127_
1612,allen-p\sent\187_
1743,allen-p\sent\306_
1801,allen-p\sent\359_
1830,allen-p\sent\385_
1840,allen-p\sent\394_
1879,allen-p\sent\429_
1898,allen-p\sent\446_
1899,allen-p\sent\447_
1900,allen-p\sent\448_
1902,allen-p\sent\44_
1911,allen-p\sent\458_
1925,allen-p\sent\470_
1927,allen-p\sent\472_
1936,allen-p\sent\480_
1937,allen-p\sent\481_
1948,allen-p\sent\491_
1954,allen-p\sent\497_
1964,allen-p\sent\505_
1970,allen-p\sent\510_
1980,allen-p\sent\51_
1987,allen-p\sent\527_
2018,allen-p\sent\555_
2027,allen-p\sent\5_
2037,allen-p\sent\68_
2038,allen-p\sent\69_
2039,allen-p\sent\6_
2060,allen-p\sent\83_
2083,allen-p\sent_items\104_
2103,allen-p\sent_items\122_
2104,allen-p\sent_items\123_
2144,allen-p\sent_items\160_
2163,allen-p\sent_items\178_
2291,allen-p\sent_items\294_
2292,allen-p\sent_items\295_
2296,allen-p\sent_items\2_
2310,allen-p\sent_items\33_
2325,allen-p\sent_items\379_
2344,allen-p\sent_items\396_
2350,allen-p\sent_items\400_
2351,allen-p\sent_items\401_
2356,allen-p\sent_items\409_
2360,allen-p\sent_items\43_
2361,allen-p\sent_items\446_
2453,allen-p\_sent_mail\115_
2454,allen-p\_sent_mail\116_
2470,allen-p\_sent_mail\130_
2518,allen-p\_sent_mail\174_
2585,allen-p\_sent_mail\234_
2714,allen-p\_sent_mail\353_
2767,allen-p\_sent_mail\406_
2796,allen-p\_sent_mail\432_
2806,allen-p\_sent_mail\441_
2844,allen-p\_sent_mail\476_
2863,allen-p\_sent_mail\493_
2864,allen-p\_sent_mail\494_
2865,allen-p\_sent_mail\495_
2877,allen-p\_sent_mail\505_
2890,allen-p\_sent_mail\517_
2892,allen-p\_sent_mail\519_
2901,allen-p\_sent_mail\527_
2902,allen-p\_sent_mail\528_
2904,allen-p\_sent_mail\52_
2913,allen-p\_sent_mail\538_
2915,allen-p\_sent_mail\53_
2920,allen-p\_sent_mail\544_
2929,allen-p\_sent_mail\552_
2934,allen-p\_sent_mail\557_
2952,allen-p\_sent_mail\574_
2984,allen-p\_sent_mail\602_
3022,allen-p\_sent_mail\8_
3024,allen-p\_sent_mail\91_
3031,allen-p\_sent_mail\98_
3063,arnold-j\all_documents\1024_
3069,arnold-j\all_documents\102_
3070,arnold-j\all_documents\1030_
3099,arnold-j\all_documents\111_
3119,arnold-j\all_documents\128_
3147,arnold-j\all_documents\14_
3610,arnold-j\all_documents\567_
3653,arnold-j\all_documents\605_
3914,arnold-j\all_documents\846_
3929,arnold-j\all_documents\85_
3930,arnold-j\all_documents\860_
3950,arnold-j\all_documents\879_
4017,arnold-j\all_documents\93_
4090,arnold-j\bmc\10_
4093,arnold-j\bmc\13_
4098,arnold-j\bmc\2_
4105,arnold-j\bmc\9_
4119,arnold-j\compaq\4_
4148,arnold-j\deleted_items\107_
4179,arnold-j\deleted_items\135_
4248,arnold-j\deleted_items\198_
4268,arnold-j\deleted_items\215_
4310,arnold-j\deleted_items\255_
4328,arnold-j\deleted_items\271_
4343,arnold-j\deleted_items\285_
4363,arnold-j\deleted_items\304_
4364,arnold-j\deleted_items\305_
4394,arnold-j\deleted_items\333_
4423,arnold-j\deleted_items\35_
4474,arnold-j\deleted_items\406_
4510,arnold-j\deleted_items\43_
4537,arnold-j\deleted_items\464_
4541,arnold-j\deleted_items\468_
4556,arnold-j\deleted_items\482_
4566,arnold-j\deleted_items\494_
4591,arnold-j\deleted_items\518_
4617,arnold-j\deleted_items\542_
4643,arnold-j\deleted_items\566_
4647,arnold-j\deleted_items\56_
4655,arnold-j\deleted_items\577_
4712,arnold-j\deleted_items\661_
4754,arnold-j\deleted_items\69_
4757,arnold-j\deleted_items\701_
4758,arnold-j\deleted_items\702_
4808,arnold-j\deleted_items\748_
4809,arnold-j\deleted_items\749_
4811,arnold-j\deleted_items\750_
4845,arnold-j\deleted_items\83_
5076,arnold-j\discussion_threads\417_
5083,arnold-j\discussion_threads\423_
5088,arnold-j\discussion_threads\428_
5189,arnold-j\discussion_threads\519_
5232,arnold-j\discussion_threads\6_
5322,arnold-j\inbox\158_
5369,arnold-j\inbox\39_
5386,arnold-j\inbox\54_
5390,arnold-j\inbox\58_
5506,arnold-j\notes_inbox\67_
5533,arnold-j\personal\3_
5859,arnold-j\sent\380_
6114,arnold-j\sent\612_
6129,arnold-j\sent\626_
6150,arnold-j\sent\645_
6308,arnold-j\sent\788_
6315,arnold-j\sent\794_
6398,arnold-j\sent_items\134_
6405,arnold-j\sent_items\140_
6430,arnold-j\sent_items\163_
6840,arnold-j\sent_items\538_
6847,arnold-j\sent_items\545_
6865,arnold-j\sent_items\561_
6892,arnold-j\sent_items\586_
6987,arnold-j\sent_items\731_
7013,arnold-j\sent_items\755_
7429,arnold-j\_sent_mail\378_
7684,arnold-j\_sent_mail\608_
7700,arnold-j\_sent_mail\622_
7721,arnold-j\_sent_mail\641_
7879,arnold-j\_sent_mail\784_
7886,arnold-j\_sent_mail\790_
8021,arora-h\deleted_items\123_
8046,arora-h\deleted_items\146_
8109,arora-h\deleted_items\22_
8121,arora-h\deleted_items\32_
8134,arora-h\deleted_items\44_
8140,arora-h\deleted_items\4_
8164,arora-h\deleted_items\71_
8165,arora-h\deleted_items\72_
8166,arora-h\deleted_items\73_
8167,arora-h\deleted_items\74_
8168,arora-h\deleted_items\75_
8261,arora-h\inbox\receipts\3_
8300,arora-h\inbox\saved_mail\43_
8402,arora-h\inbox\8_
8601,badeer-r\all_documents\114_
8608,badeer-r\all_documents\120_
8799,badeer-r\all_documents\294_
8807,badeer-r\all_documents\300_
8808,badeer-r\all_documents\301_
8856,badeer-r\all_documents\74_
8962,badeer-r\cal_articles\8_
9050,badeer-r\discussion_threads\160_
9056,badeer-r\discussion_threads\166_
9098,badeer-r\discussion_threads\203_
9178,badeer-r\discussion_threads\277_
9179,badeer-r\discussion_threads\278_
9227,badeer-r\discussion_threads\6_
9262,badeer-r\dj_articles\2_
9299,badeer-r\notes_inbox\116_
9368,badeer-r\notes_inbox\74_
9397,badeer-r\press_releases\1_
9458,badeer-r\_sent_mail\5_
9577,bailey-s\deleted_items\190_
9645,bailey-s\deleted_items\251_
9663,bailey-s\deleted_items\268_
9664,bailey-s\deleted_items\269_
9666,bailey-s\deleted_items\270_
9669,bailey-s\deleted_items\273_
9675,bailey-s\deleted_items\279_
9679,bailey-s\deleted_items\282_
9681,bailey-s\deleted_items\284_
9682,bailey-s\deleted_items\285_
9689,bailey-s\deleted_items\291_
9723,bailey-s\deleted_items\321_
9737,bailey-s\deleted_items\334_
9740,bailey-s\deleted_items\337_
9741,bailey-s\deleted_items\338_
9747,bailey-s\deleted_items\343_
9852,bailey-s\deleted_items\45_
9914,bailey-s\inbox\2_
9933,bailey-s\sent_items\1_
9942,bass-e\all_documents\1001_
9984,bass-e\all_documents\103_
