7,allen-p\all_documents\107_
9,allen-p\all_documents\109_
13,allen-p\all_documents\112_
14,allen-p\all_documents\113_
27,allen-p\all_documents\125_
33,allen-p\all_documents\131_
41,allen-p\all_documents\139_
280,allen-p\all_documents\358_
292,allen-p\all_documents\369_
357,allen-p\all_documents\427_
372,allen-p\all_documents\440_
377,allen-p\all_documents\445_
432,allen-p\all_documents\495_
502,allen-p\all_documents\558_
514,allen-p\all_documents\569_
524,allen-p\all_documents\578_
559,allen-p\all_documents\60_
570,allen-p\all_documents\61_
583,allen-p\all_documents\67_
615,allen-p\all_documents\89_
630,allen-p\deleted_items\100_
664,allen-p\deleted_items\132_
703,allen-p\deleted_items\16_
724,allen-p\deleted_items\18_
730,allen-p\deleted_items\196_
753,allen-p\deleted_items\216_
756,allen-p\deleted_items\21_
767,allen-p\deleted_items\233_
783,allen-p\deleted_items\249_
785,allen-p\deleted_items\250_
808,allen-p\deleted_items\2_
811,allen-p\deleted_items\32_
826,allen-p\deleted_items\354_
836,allen-p\deleted_items\363_
897,allen-p\deleted_items\420_
912,allen-p\deleted_items\435_
922,allen-p\deleted_items\445_
926,allen-p\deleted_items\449_
930,allen-p\deleted_items\452_
940,allen-p\deleted_items\50_
949,allen-p\deleted_items\60_
1033,allen-p\discussion_threads\139_
1046,allen-p\discussion_threads\150_
1047,allen-p\discussion_threads\151_
1050,allen-p\discussion_threads\154_
1063,allen-p\discussion_threads\166_
1082,allen-p\discussion_threads\183_
1083,allen-p\discussion_threads\184_
1182,allen-p\discussion_threads\400_
1190,allen-p\discussion_threads\408_
1198,allen-p\discussion_threads\415_
1244,allen-p\discussion_threads\457_
1284,allen-p\discussion_threads\493_
1289,allen-p\discussion_threads\498_
1301,allen-p\discussion_threads\508_
1337,allen-p\discussion_threads\540_
1346,allen-p\discussion_threads\549_
1444,allen-p\inbox\62_
1459,allen-p\inbox\78_
1463,allen-p\inbox\84_
1466,allen-p\inbox\87_
1468,allen-p\inbox\9_
1507,allen-p\notes_inbox\47_
1626,allen-p\sent\19_
1638,allen-p\sent\20_
1692,allen-p\sent\25_
1743,allen-p\sent\306_
1806,allen-p\sent\363_
1820,allen-p\sent\376_
1826,allen-p\sent\381_
1879,allen-p\sent\429_
1935,allen-p\sent\47_
1948,allen-p\sent\491_
1960,allen-p\sent\501_
1970,allen-p\sent\510_
2033,allen-p\sent\65_
2035,allen-p\sent\67_
2041,allen-p\sent\70_
2042,allen-p\sent\71_
2060,allen-p\sent\83_
2066,allen-p\sent\89_
2075,allen-p\sent\97_
2090,allen-p\sent_items\110_
2091,allen-p\sent_items\111_
2129,allen-p\sent_items\147_
2144,allen-p\sent_items\160_
2219,allen-p\sent_items\228_
2231,allen-p\sent_items\239_
2241,allen-p\sent_items\248_
2250,allen-p\sent_items\256_
2258,allen-p\sent_items\263_
2274,allen-p\sent_items\278_
2296,allen-p\sent_items\2_
2321,allen-p\sent_items\375_
2325,allen-p\sent_items\379_
2344,allen-p\sent_items\396_
2349,allen-p\sent_items\3_
2350,allen-p\sent_items\400_
2351,allen-p\sent_items\401_
2360,allen-p\sent_items\43_
2361,allen-p\sent_items\446_
2418,allen-p\sent_items\95_
2450,allen-p\_sent_mail\112_
2452,allen-p\_sent_mail\114_
2455,allen-p\_sent_mail\117_
2456,allen-p\_sent_mail\118_
2470,allen-p\_sent_mail\130_
2476,allen-p\_sent_mail\136_
2485,allen-p\_sent_mail\144_
2714,allen-p\_sent_mail\353_
2772,allen-p\_sent_mail\410_
2786,allen-p\_sent_mail\423_
2791,allen-p\_sent_mail\428_
2844,allen-p\_sent_mail\476_
2913,allen-p\_sent_mail\538_
2924,allen-p\_sent_mail\548_
2934,allen-p\_sent_mail\557_
2994,allen-p\_sent_mail\66_
2995,allen-p\_sent_mail\67_
3001,allen-p\_sent_mail\72_
3022,allen-p\_sent_mail\8_
3027,allen-p\_sent_mail\94_
3035,arnold-j\2000_conference\2_
3103,arnold-j\all_documents\1157_
3125,arnold-j\all_documents\133_
3128,arnold-j\all_documents\136_
3214,arnold-j\all_documents\20_
3227,arnold-j\all_documents\221_
3270,arnold-j\all_documents\260_
3358,arnold-j\all_documents\33_
3456,arnold-j\all_documents\428_
3638,arnold-j\all_documents\592_
3653,arnold-j\all_documents\605_
3654,arnold-j\all_documents\606_
3711,arnold-j\all_documents\65_
3790,arnold-j\all_documents\732_
3795,arnold-j\all_documents\737_
3796,arnold-j\all_documents\738_
3827,arnold-j\all_documents\767_
4117,arnold-j\compaq\2_
4118,arnold-j\compaq\3_
4137,arnold-j\continental_airlines\9_
4144,arnold-j\deleted_items\103_
4246,arnold-j\deleted_items\196_
4271,arnold-j\deleted_items\218_
4282,arnold-j\deleted_items\229_
4310,arnold-j\deleted_items\255_
4311,arnold-j\deleted_items\256_
4333,arnold-j\deleted_items\276_
4339,arnold-j\deleted_items\281_
4343,arnold-j\deleted_items\285_
4383,arnold-j\deleted_items\323_
4423,arnold-j\deleted_items\35_
4431,arnold-j\deleted_items\367_
4439,arnold-j\deleted_items\374_
4467,arnold-j\deleted_items\3_
4474,arnold-j\deleted_items\406_
4505,arnold-j\deleted_items\435_
4509,arnold-j\deleted_items\439_
4556,arnold-j\deleted_items\482_
4565,arnold-j\deleted_items\493_
4583,arnold-j\deleted_items\510_
4585,arnold-j\deleted_items\512_
4591,arnold-j\deleted_items\518_
4613,arnold-j\deleted_items\539_
4622,arnold-j\deleted_items\547_
4626,arnold-j\deleted_items\550_
4667,arnold-j\deleted_items\619_
4708,arnold-j\deleted_items\658_
4712,arnold-j\deleted_items\661_
4754,arnold-j\deleted_items\69_
4757,arnold-j\deleted_items\701_
4758,arnold-j\deleted_items\702_
4761,arnold-j\deleted_items\705_
4764,arnold-j\deleted_items\708_
4808,arnold-j\deleted_items\748_
4809,arnold-j\deleted_items\749_
4811,arnold-j\deleted_items\750_
4817,arnold-j\deleted_items\756_
4845,arnold-j\deleted_items\83_
4929,arnold-j\discussion_threads\159_
4998,arnold-j\discussion_threads\320_
5113,arnold-j\discussion_threads\450_
5188,arnold-j\discussion_threads\518_
5189,arnold-j\discussion_threads\519_
5202,arnold-j\discussion_threads\530_
5245,arnold-j\discussion_threads\81_
5334,arnold-j\inbox\169_
5348,arnold-j\inbox\209_
5369,arnold-j\inbox\39_
5386,arnold-j\inbox\54_
5435,arnold-j\inbox\99_
5437,arnold-j\kinko_s\1_
5475,arnold-j\notes_inbox\39_
5494,arnold-j\notes_inbox\56_
5506,arnold-j\notes_inbox\67_
5507,arnold-j\notes_inbox\68_
5709,arnold-j\sent\245_
5988,arnold-j\sent\499_
5995,arnold-j\sent\504_
5996,arnold-j\sent\505_
6027,arnold-j\sent\534_
6299,arnold-j\sent\77_
6350,arnold-j\sent\921_
6368,arnold-j\sent_items\107_
6374,arnold-j\sent_items\112_
6375,arnold-j\sent_items\113_
6398,arnold-j\sent_items\134_
6413,arnold-j\sent_items\148_
6430,arnold-j\sent_items\163_
6750,arnold-j\sent_items\457_
6752,arnold-j\sent_items\459_
6768,arnold-j\sent_items\473_
6769,arnold-j\sent_items\474_
6892,arnold-j\sent_items\586_
6938,arnold-j\sent_items\627_
6946,arnold-j\sent_items\634_
7013,arnold-j\sent_items\755_
7280,arnold-j\_sent_mail\243_
7559,arnold-j\_sent_mail\495_
7566,arnold-j\_sent_mail\500_
7567,arnold-j\_sent_mail\501_
7598,arnold-j\_sent_mail\530_
7852,arnold-j\_sent_mail\75_
7920,arnold-j\_sent_mail\917_
7935,arora-h\all_documents\13_
7975,arora-h\all_documents\4_
8010,arora-h\deleted_items\113_
8048,arora-h\deleted_items\148_
8079,arora-h\deleted_items\177_
8080,arora-h\deleted_items\178_
8086,arora-h\deleted_items\184_
8109,arora-h\deleted_items\22_
8140,arora-h\deleted_items\4_
8150,arora-h\deleted_items\59_
8152,arora-h\deleted_items\60_
8154,arora-h\deleted_items\62_
8155,arora-h\deleted_items\63_
8162,arora-h\deleted_items\6_
8197,arora-h\discussion_threads\13_
8237,arora-h\discussion_threads\4_
8300,arora-h\inbox\saved_mail\43_
8329,arora-h\inbox\10_
8342,arora-h\inbox\22_
8343,arora-h\inbox\23_
8351,arora-h\inbox\30_
8369,arora-h\inbox\52_
8405,arora-h\inbox\92_
8406,arora-h\inbox\93_
8437,arora-h\savedmail\36_
8446,arora-h\savedmail\44_
8655,badeer-r\all_documents\163_
8756,badeer-r\all_documents\255_
8766,badeer-r\all_documents\264_
8807,badeer-r\all_documents\300_
8808,badeer-r\all_documents\301_
8931,badeer-r\california\52_
8940,badeer-r\california\60_
8962,badeer-r\cal_articles\8_
8977,badeer-r\deleted_items\3_
9007,badeer-r\discussion_threads\121_
9178,badeer-r\discussion_threads\277_
9179,badeer-r\discussion_threads\278_
9186,badeer-r\discussion_threads\32_
9196,badeer-r\discussion_threads\41_
9287,badeer-r\notes_inbox\105_
9299,badeer-r\notes_inbox\116_
9570,bailey-s\deleted_items\184_
9574,bailey-s\deleted_items\188_
9575,bailey-s\deleted_items\189_
9577,bailey-s\deleted_items\190_
9586,bailey-s\deleted_items\199_
9590,bailey-s\deleted_items\201_
9615,bailey-s\deleted_items\224_
9621,bailey-s\deleted_items\22_
9634,bailey-s\deleted_items\241_
9644,bailey-s\deleted_items\250_
9645,bailey-s\deleted_items\251_
9652,bailey-s\deleted_items\258_
9653,bailey-s\deleted_items\259_
9655,bailey-s\deleted_items\260_
9662,bailey-s\deleted_items\267_
9663,bailey-s\deleted_items\268_
9664,bailey-s\deleted_items\269_
9666,bailey-s\deleted_items\270_
9669,bailey-s\deleted_items\273_
9675,bailey-s\deleted_items\279_
9681,bailey-s\deleted_items\284_
9712,bailey-s\deleted_items\311_
9732,bailey-s\deleted_items\32_
9737,bailey-s\deleted_items\334_
9740,bailey-s\deleted_items\337_
9742,bailey-s\deleted_items\339_
9743,bailey-s\deleted_items\33_
9745,bailey-s\deleted_items\341_
9747,bailey-s\deleted_items\343_
9765,bailey-s\deleted_items\35_
9836,bailey-s\deleted_items\423_
9933,bailey-s\sent_items\1_
9954,bass-e\all_documents\1012_
9983,bass-e\all_documents\1039_
