41,allen-p\all_documents\139_
108,allen-p\all_documents\1_
178,allen-p\all_documents\264_
179,allen-p\all_documents\265_
291,allen-p\all_documents\368_
294,allen-p\all_documents\370_
363,allen-p\all_documents\432_
408,allen-p\all_documents\473_
435,allen-p\all_documents\498_
502,allen-p\all_documents\558_
507,allen-p\all_documents\562_
514,allen-p\all_documents\569_
522,allen-p\all_documents\576_
553,allen-p\all_documents\604_
611,allen-p\all_documents\85_
624,allen-p\all_documents\97_
659,allen-p\deleted_items\128_
693,allen-p\deleted_items\160_
708,allen-p\deleted_items\175_
759,allen-p\deleted_items\226_
816,allen-p\deleted_items\344_
936,allen-p\deleted_items\47_
955,allen-p\deleted_items\66_
1059,allen-p\discussion_threads\162_
1066,allen-p\discussion_threads\169_
1135,allen-p\discussion_threads\233_
1164,allen-p\discussion_threads\384_
1184,allen-p\discussion_threads\402_
1190,allen-p\discussion_threads\408_
1198,allen-p\discussion_threads\415_
1243,allen-p\discussion_threads\456_
1262,allen-p\discussion_threads\473_
1298,allen-p\discussion_threads\505_
1303,allen-p\discussion_threads\50_
1314,allen-p\discussion_threads\51_
1335,allen-p\discussion_threads\539_
1338,allen-p\discussion_threads\541_
1443,allen-p\inbox\5_
1477,allen-p\notes_inbox\1_
1647,allen-p\sent\218_
1648,allen-p\sent\219_
1742,allen-p\sent\305_
1744,allen-p\sent\307_
1811,allen-p\sent\368_
1855,allen-p\sent\407_
1883,allen-p\sent\432_
1891,allen-p\sent\43_
1948,allen-p\sent\491_
1951,allen-p\sent\494_
1960,allen-p\sent\501_
1967,allen-p\sent\508_
1997,allen-p\sent\536_
2022,allen-p\sent\55_
2075,allen-p\sent\97_
2086,allen-p\sent_items\107_
2093,allen-p\sent_items\113_
2097,allen-p\sent_items\117_
2098,allen-p\sent_items\118_
2106,allen-p\sent_items\125_
2110,allen-p\sent_items\129_
2119,allen-p\sent_items\137_
2126,allen-p\sent_items\144_
2127,allen-p\sent_items\145_
2147,allen-p\sent_items\163_
2159,allen-p\sent_items\174_
2163,allen-p\sent_items\178_
2190,allen-p\sent_items\201_
2205,allen-p\sent_items\215_
2226,allen-p\sent_items\234_
2311,allen-p\sent_items\34_
2336,allen-p\sent_items\389_
2339,allen-p\sent_items\391_
2341,allen-p\sent_items\393_
2342,allen-p\sent_items\394_
2345,allen-p\sent_items\397_
2359,allen-p\sent_items\42_
2362,allen-p\sent_items\44_
2406,allen-p\sent_items\84_
2439,allen-p\_sent_mail\102_
2485,allen-p\_sent_mail\144_
2619,allen-p\_sent_mail\265_
2620,allen-p\_sent_mail\266_
2713,allen-p\_sent_mail\352_
2715,allen-p\_sent_mail\354_
2777,allen-p\_sent_mail\415_
2820,allen-p\_sent_mail\454_
2847,allen-p\_sent_mail\479_
2913,allen-p\_sent_mail\538_
2917,allen-p\_sent_mail\541_
2924,allen-p\_sent_mail\548_
2932,allen-p\_sent_mail\555_
2962,allen-p\_sent_mail\583_
3011,allen-p\_sent_mail\7_
3023,allen-p\_sent_mail\90_
3033,allen-p\_sent_mail\9_
3094,arnold-j\all_documents\107_
3111,arnold-j\all_documents\120_
3114,arnold-j\all_documents\123_
3129,arnold-j\all_documents\137_
3134,arnold-j\all_documents\13_
3269,arnold-j\all_documents\25_
3380,arnold-j\all_documents\35_
3443,arnold-j\all_documents\416_
3451,arnold-j\all_documents\423_
3489,arnold-j\all_documents\458_
3502,arnold-j\all_documents\46_
3513,arnold-j\all_documents\47_
3522,arnold-j\all_documents\488_
3536,arnold-j\all_documents\4_
3574,arnold-j\all_documents\534_
3602,arnold-j\all_documents\55_
3626,arnold-j\all_documents\581_
3638,arnold-j\all_documents\592_
3646,arnold-j\all_documents\59_
3653,arnold-j\all_documents\605_
3654,arnold-j\all_documents\606_
3669,arnold-j\all_documents\61_
3711,arnold-j\all_documents\65_
3722,arnold-j\all_documents\66_
3742,arnold-j\all_documents\688_
3744,arnold-j\all_documents\68_
3756,arnold-j\all_documents\6_
3780,arnold-j\all_documents\723_
3819,arnold-j\all_documents\75_
3851,arnold-j\all_documents\78_
3896,arnold-j\all_documents\82_
3914,arnold-j\all_documents\846_
3974,arnold-j\all_documents\8_
4017,arnold-j\all_documents\93_
4072,arnold-j\all_documents\98_
4076,arnold-j\all_documents\993_
4086,arnold-j\avaya\2_
4088,arnold-j\avaya\4_
4089,arnold-j\avaya\5_
4090,arnold-j\bmc\10_
4097,arnold-j\bmc\1_
4101,arnold-j\bmc\5_
4102,arnold-j\bmc\6_
4104,arnold-j\bmc\8_
4116,arnold-j\compaq\1_
4120,arnold-j\compaq\5_
4129,arnold-j\continental_airlines\1_
4137,arnold-j\continental_airlines\9_
4162,arnold-j\deleted_items\11_
4225,arnold-j\deleted_items\177_
4227,arnold-j\deleted_items\179_
4248,arnold-j\deleted_items\198_
4260,arnold-j\deleted_items\208_
4282,arnold-j\deleted_items\229_
4311,arnold-j\deleted_items\256_
4383,arnold-j\deleted_items\323_
4396,arnold-j\deleted_items\335_
4401,arnold-j\deleted_items\33_
4423,arnold-j\deleted_items\35_
4463,arnold-j\deleted_items\397_
4510,arnold-j\deleted_items\43_
4541,arnold-j\deleted_items\468_
4558,arnold-j\deleted_items\484_
4613,arnold-j\deleted_items\539_
4647,arnold-j\deleted_items\56_
4712,arnold-j\deleted_items\661_
4754,arnold-j\deleted_items\69_
4757,arnold-j\deleted_items\701_
4758,arnold-j\deleted_items\702_
4764,arnold-j\deleted_items\708_
4798,arnold-j\deleted_items\739_
4808,arnold-j\deleted_items\748_
4809,arnold-j\deleted_items\749_
4811,arnold-j\deleted_items\750_
5088,arnold-j\discussion_threads\428_
5188,arnold-j\discussion_threads\518_
5189,arnold-j\discussion_threads\519_
5202,arnold-j\discussion_threads\530_
5213,arnold-j\discussion_threads\540_
5248,arnold-j\discussion_threads\84_
5274,arnold-j\fedex\1_
5287,arnold-j\hp\3_
5288,arnold-j\hp\4_
5303,arnold-j\inbox\140_
5334,arnold-j\inbox\169_
5365,arnold-j\inbox\35_
5369,arnold-j\inbox\39_
5386,arnold-j\inbox\54_
5482,arnold-j\notes_inbox\45_
5494,arnold-j\notes_inbox\56_
5506,arnold-j\notes_inbox\67_
5507,arnold-j\notes_inbox\68_
5524,arnold-j\notes_inbox\83_
5529,arnold-j\pcc_values\1_
5530,arnold-j\pcc_values\2_
5541,arnold-j\sap\1_
5542,arnold-j\sap\2_
5696,arnold-j\sent\233_
5704,arnold-j\sent\240_
5741,arnold-j\sent\274_
5775,arnold-j\sent\304_
5824,arnold-j\sent\349_
5979,arnold-j\sent\490_
6114,arnold-j\sent\612_
6275,arnold-j\sent\758_
6398,arnold-j\sent_items\134_
6430,arnold-j\sent_items\163_
6649,arnold-j\sent_items\365_
6667,arnold-j\sent_items\381_
6672,arnold-j\sent_items\386_
6690,arnold-j\sent_items\401_
6713,arnold-j\sent_items\422_
6714,arnold-j\sent_items\423_
6973,arnold-j\sent_items\719_
6988,arnold-j\sent_items\732_
6989,arnold-j\sent_items\733_
6990,arnold-j\sent_items\734_
6991,arnold-j\sent_items\735_
6992,arnold-j\sent_items\736_
6993,arnold-j\sent_items\737_
6994,arnold-j\sent_items\738_
6995,arnold-j\sent_items\739_
6998,arnold-j\sent_items\741_
6999,arnold-j\sent_items\742_
7000,arnold-j\sent_items\743_
7009,arnold-j\sent_items\751_
7013,arnold-j\sent_items\755_
7081,arnold-j\sent_items\98_
7084,arnold-j\sonoco\1_
7086,arnold-j\sony\2_
7087,arnold-j\sony\3_
7088,arnold-j\sony\4_
7267,arnold-j\_sent_mail\231_
7274,arnold-j\_sent_mail\238_
7312,arnold-j\_sent_mail\272_
7346,arnold-j\_sent_mail\302_
7395,arnold-j\_sent_mail\347_
7549,arnold-j\_sent_mail\486_
7684,arnold-j\_sent_mail\608_
7846,arnold-j\_sent_mail\754_
7969,arora-h\all_documents\44_
7991,arora-h\all_documents\64_
8008,arora-h\deleted_items\110_
8009,arora-h\deleted_items\111_
8033,arora-h\deleted_items\134_
8064,arora-h\deleted_items\163_
8083,arora-h\deleted_items\180_
8087,arora-h\deleted_items\185_
8099,arora-h\deleted_items\196_
8112,arora-h\deleted_items\25_
8165,arora-h\deleted_items\72_
8229,arora-h\discussion_threads\42_
8244,arora-h\discussion_threads\56_
8271,arora-h\inbox\saved_mail\17_
8348,arora-h\inbox\28_
8368,arora-h\inbox\51_
8372,arora-h\inbox\60_
8379,arora-h\inbox\68_
8430,arora-h\savedmail\2_
8451,arora-h\savedmail\49_
8487,arora-h\savedmail\81_
8521,arora-h\sent_items\22_
8533,arora-h\sent_items\33_
8560,arora-h\sent_items\58_
8561,arora-h\sent_items\59_
8563,arora-h\sent_items\60_
8565,arora-h\sent_items\62_
8566,arora-h\sent_items\63_
8580,arora-h\vanderbilt\4_
8598,badeer-r\all_documents\111_
8599,badeer-r\all_documents\112_
8601,badeer-r\all_documents\114_
8608,badeer-r\all_documents\120_
8613,badeer-r\all_documents\125_
8615,badeer-r\all_documents\127_
8634,badeer-r\all_documents\144_
8635,badeer-r\all_documents\145_
8642,badeer-r\all_documents\151_
8646,badeer-r\all_documents\155_
8654,badeer-r\all_documents\162_
8655,badeer-r\all_documents\163_
8658,badeer-r\all_documents\166_
8666,badeer-r\all_documents\173_
8670,badeer-r\all_documents\177_
8688,badeer-r\all_documents\193_
8692,badeer-r\all_documents\197_
8702,badeer-r\all_documents\205_
8712,badeer-r\all_documents\215_
8714,badeer-r\all_documents\217_
8715,badeer-r\all_documents\218_
8716,badeer-r\all_documents\219_
8741,badeer-r\all_documents\241_
8755,badeer-r\all_documents\254_
8766,badeer-r\all_documents\264_
8772,badeer-r\all_documents\26_
8779,badeer-r\all_documents\276_
8788,badeer-r\all_documents\284_
8807,badeer-r\all_documents\300_
8808,badeer-r\all_documents\301_
8837,badeer-r\all_documents\57_
8856,badeer-r\all_documents\74_
8859,badeer-r\all_documents\77_
8862,badeer-r\all_documents\7_
8865,badeer-r\all_documents\82_
8895,badeer-r\california\1_
8896,badeer-r\california\20_
8899,badeer-r\california\23_
8905,badeer-r\california\29_
8910,badeer-r\california\33_
8913,badeer-r\california\36_
8920,badeer-r\california\42_
8921,badeer-r\california\43_
8922,badeer-r\california\44_
8923,badeer-r\california\45_
8930,badeer-r\california\51_
8940,badeer-r\california\60_
8944,badeer-r\california\64_
8945,badeer-r\california\65_
8953,badeer-r\california\8_
8957,badeer-r\cal_articles\3_
8960,badeer-r\cal_articles\6_
8962,badeer-r\cal_articles\8_
8991,badeer-r\discussion_threads\107_
8996,badeer-r\discussion_threads\111_
9003,badeer-r\discussion_threads\118_
9007,badeer-r\discussion_threads\121_
9008,badeer-r\discussion_threads\122_
9015,badeer-r\discussion_threads\129_
9019,badeer-r\discussion_threads\132_
9025,badeer-r\discussion_threads\138_
9042,badeer-r\discussion_threads\153_
9044,badeer-r\discussion_threads\155_
9050,badeer-r\discussion_threads\160_
9056,badeer-r\discussion_threads\166_
9058,badeer-r\discussion_threads\168_
9059,badeer-r\discussion_threads\169_
9060,badeer-r\discussion_threads\16_
9088,badeer-r\discussion_threads\195_
9095,badeer-r\discussion_threads\200_
9098,badeer-r\discussion_threads\203_
9117,badeer-r\discussion_threads\220_
9148,badeer-r\discussion_threads\24_
9150,badeer-r\discussion_threads\251_
9171,badeer-r\discussion_threads\270_
9178,badeer-r\discussion_threads\277_
9179,badeer-r\discussion_threads\278_
9186,badeer-r\discussion_threads\32_
9197,badeer-r\discussion_threads\42_
9210,badeer-r\discussion_threads\54_
9230,badeer-r\discussion_threads\72_
9231,badeer-r\discussion_threads\73_
9232,badeer-r\discussion_threads\74_
9233,badeer-r\discussion_threads\75_
9242,badeer-r\discussion_threads\83_
9251,badeer-r\discussion_threads\91_
9254,badeer-r\discussion_threads\94_
9262,badeer-r\dj_articles\2_
9286,badeer-r\notes_inbox\104_
9287,badeer-r\notes_inbox\105_
9290,badeer-r\notes_inbox\108_
9294,badeer-r\notes_inbox\111_
9299,badeer-r\notes_inbox\116_
9316,badeer-r\notes_inbox\26_
9349,badeer-r\notes_inbox\57_
9368,badeer-r\notes_inbox\74_
9372,badeer-r\notes_inbox\78_
9374,badeer-r\notes_inbox\7_
9393,badeer-r\notes_inbox\97_
9395,badeer-r\notes_inbox\99_
9447,badeer-r\_sent_mail\44_
9458,badeer-r\_sent_mail\5_
9459,badeer-r\_sent_mail\6_
9566,bailey-s\deleted_items\180_
9626,bailey-s\deleted_items\234_
9671,bailey-s\deleted_items\275_
9706,bailey-s\deleted_items\306_
9802,bailey-s\deleted_items\393_
9806,bailey-s\deleted_items\397_
9807,bailey-s\deleted_items\398_
9822,bailey-s\deleted_items\410_
9902,bailey-s\deleted_items\90_
9909,bailey-s\deleted_items\97_
9934,bailey-s\sent_items\2_
9940,bailey-s\sent_items\8_
9962,bass-e\all_documents\101_
9994,bass-e\all_documents\1049_
