376,allen-p\all_documents\444_
393,allen-p\all_documents\45_
524,allen-p\all_documents\578_
665,allen-p\deleted_items\133_
666,allen-p\deleted_items\134_
770,allen-p\deleted_items\236_
795,allen-p\deleted_items\25_
831,allen-p\deleted_items\359_
846,allen-p\deleted_items\373_
857,allen-p\deleted_items\384_
876,allen-p\deleted_items\401_
885,allen-p\deleted_items\40_
887,allen-p\deleted_items\411_
914,allen-p\deleted_items\437_
915,allen-p\deleted_items\438_
931,allen-p\deleted_items\453_
988,allen-p\deleted_items\98_
1093,allen-p\discussion_threads\193_
1182,allen-p\discussion_threads\400_
1285,allen-p\discussion_threads\494_
1403,allen-p\inbox\10_
1429,allen-p\inbox\34_
1453,allen-p\inbox\70_
1467,allen-p\inbox\8_
1825,allen-p\sent\380_
1970,allen-p\sent\510_
2039,allen-p\sent\6_
2420,allen-p\sent_items\97_
2790,allen-p\_sent_mail\427_
2915,allen-p\_sent_mail\53_
2934,allen-p\_sent_mail\557_
3042,arnold-j\all_documents\1004_
3241,arnold-j\all_documents\234_
3267,arnold-j\all_documents\258_
3270,arnold-j\all_documents\260_
3306,arnold-j\all_documents\293_
3317,arnold-j\all_documents\302_
3334,arnold-j\all_documents\318_
3445,arnold-j\all_documents\418_
3449,arnold-j\all_documents\421_
3485,arnold-j\all_documents\454_
3490,arnold-j\all_documents\459_
3511,arnold-j\all_documents\478_
3626,arnold-j\all_documents\581_
3637,arnold-j\all_documents\591_
3639,arnold-j\all_documents\593_
3641,arnold-j\all_documents\595_
3660,arnold-j\all_documents\611_
3746,arnold-j\all_documents\691_
3773,arnold-j\all_documents\716_
3779,arnold-j\all_documents\722_
3811,arnold-j\all_documents\751_
3818,arnold-j\all_documents\759_
3820,arnold-j\all_documents\760_
3844,arnold-j\all_documents\783_
3889,arnold-j\all_documents\823_
3916,arnold-j\all_documents\848_
4027,arnold-j\all_documents\949_
4029,arnold-j\all_documents\950_
4037,arnold-j\all_documents\958_
4062,arnold-j\all_documents\980_
4145,arnold-j\deleted_items\104_
4148,arnold-j\deleted_items\107_
4165,arnold-j\deleted_items\122_
4178,arnold-j\deleted_items\134_
4184,arnold-j\deleted_items\13_
4196,arnold-j\deleted_items\150_
4197,arnold-j\deleted_items\151_
4226,arnold-j\deleted_items\178_
4247,arnold-j\deleted_items\197_
4248,arnold-j\deleted_items\198_
4250,arnold-j\deleted_items\19_
4261,arnold-j\deleted_items\209_
4262,arnold-j\deleted_items\20_
4263,arnold-j\deleted_items\210_
4277,arnold-j\deleted_items\223_
4278,arnold-j\deleted_items\224_
4290,arnold-j\deleted_items\236_
4292,arnold-j\deleted_items\239_
4300,arnold-j\deleted_items\246_
4304,arnold-j\deleted_items\24_
4305,arnold-j\deleted_items\250_
4308,arnold-j\deleted_items\253_
4329,arnold-j\deleted_items\272_
4334,arnold-j\deleted_items\277_
4335,arnold-j\deleted_items\278_
4347,arnold-j\deleted_items\289_
4349,arnold-j\deleted_items\291_
4368,arnold-j\deleted_items\309_
4370,arnold-j\deleted_items\310_
4383,arnold-j\deleted_items\323_
4385,arnold-j\deleted_items\325_
4387,arnold-j\deleted_items\327_
4389,arnold-j\deleted_items\329_
4407,arnold-j\deleted_items\345_
4413,arnold-j\deleted_items\350_
4415,arnold-j\deleted_items\352_
4427,arnold-j\deleted_items\363_
4433,arnold-j\deleted_items\369_
4434,arnold-j\deleted_items\36_
4436,arnold-j\deleted_items\371_
4455,arnold-j\deleted_items\389_
4458,arnold-j\deleted_items\392_
4464,arnold-j\deleted_items\398_
4469,arnold-j\deleted_items\401_
4491,arnold-j\deleted_items\422_
4498,arnold-j\deleted_items\429_
4506,arnold-j\deleted_items\436_
4507,arnold-j\deleted_items\437_
4520,arnold-j\deleted_items\449_
4535,arnold-j\deleted_items\462_
4541,arnold-j\deleted_items\468_
4549,arnold-j\deleted_items\476_
4569,arnold-j\deleted_items\499_
4572,arnold-j\deleted_items\500_
4573,arnold-j\deleted_items\501_
4574,arnold-j\deleted_items\502_
4582,arnold-j\deleted_items\50_
4586,arnold-j\deleted_items\513_
4593,arnold-j\deleted_items\51_
4607,arnold-j\deleted_items\533_
4615,arnold-j\deleted_items\540_
4616,arnold-j\deleted_items\541_
4637,arnold-j\deleted_items\560_
4643,arnold-j\deleted_items\566_
4647,arnold-j\deleted_items\56_
4650,arnold-j\deleted_items\572_
4662,arnold-j\deleted_items\58_
4677,arnold-j\deleted_items\628_
4680,arnold-j\deleted_items\630_
4697,arnold-j\deleted_items\647_
4698,arnold-j\deleted_items\648_
4699,arnold-j\deleted_items\649_
4702,arnold-j\deleted_items\651_
4710,arnold-j\deleted_items\65_
4715,arnold-j\deleted_items\664_
4718,arnold-j\deleted_items\667_
4724,arnold-j\deleted_items\672_
4728,arnold-j\deleted_items\676_
4749,arnold-j\deleted_items\695_
4750,arnold-j\deleted_items\696_
4758,arnold-j\deleted_items\702_
4766,arnold-j\deleted_items\70_
4772,arnold-j\deleted_items\715_
4794,arnold-j\deleted_items\735_
4796,arnold-j\deleted_items\737_
4808,arnold-j\deleted_items\748_
4811,arnold-j\deleted_items\750_
4813,arnold-j\deleted_items\752_
4816,arnold-j\deleted_items\755_
4822,arnold-j\deleted_items\760_
4847,arnold-j\deleted_items\85_
4848,arnold-j\deleted_items\86_
4902,arnold-j\discussion_threads\134_
4912,arnold-j\discussion_threads\143_
4921,arnold-j\discussion_threads\151_
5021,arnold-j\discussion_threads\368_
5035,arnold-j\discussion_threads\380_
5044,arnold-j\discussion_threads\389_
5086,arnold-j\discussion_threads\426_
5094,arnold-j\discussion_threads\433_
5107,arnold-j\discussion_threads\445_
5117,arnold-j\discussion_threads\454_
5118,arnold-j\discussion_threads\455_
5122,arnold-j\discussion_threads\459_
5130,arnold-j\discussion_threads\466_
5133,arnold-j\discussion_threads\469_
5149,arnold-j\discussion_threads\483_
5184,arnold-j\discussion_threads\514_
5190,arnold-j\discussion_threads\51_
5198,arnold-j\discussion_threads\527_
5200,arnold-j\discussion_threads\529_
5203,arnold-j\discussion_threads\531_
5213,arnold-j\discussion_threads\540_
5226,arnold-j\discussion_threads\64_
5250,arnold-j\discussion_threads\86_
5334,arnold-j\inbox\169_
5339,arnold-j\inbox\173_
5341,arnold-j\inbox\176_
5347,arnold-j\inbox\208_
5397,arnold-j\inbox\64_
5420,arnold-j\inbox\85_
5426,arnold-j\inbox\90_
5482,arnold-j\notes_inbox\45_
5493,arnold-j\notes_inbox\55_
5495,arnold-j\notes_inbox\57_
5497,arnold-j\notes_inbox\59_
5512,arnold-j\notes_inbox\72_
5556,arnold-j\sent\110_
5569,arnold-j\sent\119_
5587,arnold-j\sent\135_
5698,arnold-j\sent\235_
5701,arnold-j\sent\238_
5737,arnold-j\sent\270_
5742,arnold-j\sent\275_
5763,arnold-j\sent\294_
5948,arnold-j\sent\462_
5972,arnold-j\sent\484_
5977,arnold-j\sent\489_
6010,arnold-j\sent\518_
6012,arnold-j\sent\51_
6018,arnold-j\sent\526_
6019,arnold-j\sent\527_
6043,arnold-j\sent\549_
6087,arnold-j\sent\589_
6116,arnold-j\sent\614_
6227,arnold-j\sent\714_
6228,arnold-j\sent\715_
6237,arnold-j\sent\723_
6261,arnold-j\sent\745_
6277,arnold-j\sent\75_
6287,arnold-j\sent\769_
6299,arnold-j\sent\77_
6390,arnold-j\sent_items\127_
6405,arnold-j\sent_items\140_
6424,arnold-j\sent_items\158_
6430,arnold-j\sent_items\163_
6538,arnold-j\sent_items\264_
6540,arnold-j\sent_items\266_
6549,arnold-j\sent_items\274_
6567,arnold-j\sent_items\290_
6683,arnold-j\sent_items\396_
6963,arnold-j\sent_items\70_
7075,arnold-j\sent_items\92_
7080,arnold-j\sent_items\97_
7126,arnold-j\_sent_mail\108_
7140,arnold-j\_sent_mail\117_
7158,arnold-j\_sent_mail\133_
7269,arnold-j\_sent_mail\233_
7272,arnold-j\_sent_mail\236_
7307,arnold-j\_sent_mail\268_
7313,arnold-j\_sent_mail\273_
7334,arnold-j\_sent_mail\292_
7518,arnold-j\_sent_mail\458_
7543,arnold-j\_sent_mail\480_
7548,arnold-j\_sent_mail\485_
7564,arnold-j\_sent_mail\49_
7581,arnold-j\_sent_mail\514_
7589,arnold-j\_sent_mail\522_
7590,arnold-j\_sent_mail\523_
7614,arnold-j\_sent_mail\545_
7658,arnold-j\_sent_mail\585_
7687,arnold-j\_sent_mail\610_
7798,arnold-j\_sent_mail\710_
7799,arnold-j\_sent_mail\711_
7807,arnold-j\_sent_mail\719_
7830,arnold-j\_sent_mail\73_
7832,arnold-j\_sent_mail\741_
7852,arnold-j\_sent_mail\75_
7858,arnold-j\_sent_mail\765_
7957,arora-h\all_documents\33_
8005,arora-h\deleted_items\108_
8032,arora-h\deleted_items\133_
8038,arora-h\deleted_items\139_
8041,arora-h\deleted_items\141_
8067,arora-h\deleted_items\166_
8111,arora-h\deleted_items\24_
8153,arora-h\deleted_items\61_
8161,arora-h\deleted_items\69_
8171,arora-h\deleted_items\78_
8217,arora-h\discussion_threads\31_
8375,arora-h\inbox\64_
8407,arora-h\inbox\9_
8417,arora-h\savedmail\18_
8469,arora-h\savedmail\65_
8520,arora-h\sent_items\21_
8601,badeer-r\all_documents\114_
8608,badeer-r\all_documents\120_
8616,badeer-r\all_documents\128_
8655,badeer-r\all_documents\163_
8669,badeer-r\all_documents\176_
8692,badeer-r\all_documents\197_
8744,badeer-r\all_documents\244_
8745,badeer-r\all_documents\245_
8765,badeer-r\all_documents\263_
8774,badeer-r\all_documents\271_
8805,badeer-r\all_documents\29_
8851,badeer-r\all_documents\6_
8913,badeer-r\california\36_
8938,badeer-r\california\59_
8992,badeer-r\discussion_threads\108_
9007,badeer-r\discussion_threads\121_
9041,badeer-r\discussion_threads\152_
9050,badeer-r\discussion_threads\160_
9056,badeer-r\discussion_threads\166_
9146,badeer-r\discussion_threads\248_
9172,badeer-r\discussion_threads\271_
9180,badeer-r\discussion_threads\27_
9187,badeer-r\discussion_threads\33_
9206,badeer-r\discussion_threads\50_
9207,badeer-r\discussion_threads\51_
9251,badeer-r\discussion_threads\91_
9262,badeer-r\dj_articles\2_
9264,badeer-r\dj_articles\4_
9287,badeer-r\notes_inbox\105_
9319,badeer-r\notes_inbox\29_
9363,badeer-r\notes_inbox\6_
9413,badeer-r\_sent_mail\12_
9449,badeer-r\_sent_mail\46_
9450,badeer-r\_sent_mail\47_
9455,badeer-r\_sent_mail\51_
9458,badeer-r\_sent_mail\5_
