13,allen-p\all_documents\112_
14,allen-p\all_documents\113_
19,allen-p\all_documents\118_
27,allen-p\all_documents\125_
33,allen-p\all_documents\131_
138,allen-p\all_documents\227_
163,allen-p\all_documents\250_
274,allen-p\all_documents\352_
291,allen-p\all_documents\368_
440,allen-p\all_documents\501_
477,allen-p\all_documents\535_
479,allen-p\all_documents\537_
524,allen-p\all_documents\578_
530,allen-p\all_documents\583_
615,allen-p\all_documents\89_
630,allen-p\deleted_items\100_
641,allen-p\deleted_items\110_
664,allen-p\deleted_items\132_
746,allen-p\deleted_items\20_
750,allen-p\deleted_items\213_
767,allen-p\deleted_items\233_
783,allen-p\deleted_items\249_
785,allen-p\deleted_items\250_
859,allen-p\deleted_items\386_
866,allen-p\deleted_items\392_
922,allen-p\deleted_items\445_
964,allen-p\deleted_items\74_
1033,allen-p\discussion_threads\139_
1041,allen-p\discussion_threads\146_
1046,allen-p\discussion_threads\150_
1047,allen-p\discussion_threads\151_
1063,allen-p\discussion_threads\166_
1143,allen-p\discussion_threads\2_
1177,allen-p\discussion_threads\397_
1182,allen-p\discussion_threads\400_
1213,allen-p\discussion_threads\429_
1216,allen-p\discussion_threads\431_
1241,allen-p\discussion_threads\454_
1338,allen-p\discussion_threads\541_
1357,allen-p\discussion_threads\58_
1372,allen-p\discussion_threads\71_
1440,allen-p\inbox\44_
1445,allen-p\inbox\63_
1446,allen-p\inbox\64_
1466,allen-p\inbox\87_
1606,allen-p\sent\181_
1632,allen-p\sent\204_
1732,allen-p\sent\297_
1742,allen-p\sent\305_
1886,allen-p\sent\435_
1922,allen-p\sent\468_
1925,allen-p\sent\470_
1935,allen-p\sent\47_
1970,allen-p\sent\510_
1975,allen-p\sent\515_
2041,allen-p\sent\70_
2042,allen-p\sent\71_
2052,allen-p\sent\76_
2060,allen-p\sent\83_
2066,allen-p\sent\89_
2110,allen-p\sent_items\129_
2269,allen-p\sent_items\273_
2309,allen-p\sent_items\32_
2359,allen-p\sent_items\42_
2409,allen-p\sent_items\87_
2455,allen-p\_sent_mail\117_
2456,allen-p\_sent_mail\118_
2462,allen-p\_sent_mail\123_
2470,allen-p\_sent_mail\130_
2476,allen-p\_sent_mail\136_
2578,allen-p\_sent_mail\228_
2604,allen-p\_sent_mail\251_
2705,allen-p\_sent_mail\344_
2713,allen-p\_sent_mail\352_
2851,allen-p\_sent_mail\482_
2888,allen-p\_sent_mail\515_
2890,allen-p\_sent_mail\517_
2934,allen-p\_sent_mail\557_
2940,allen-p\_sent_mail\562_
3011,allen-p\_sent_mail\7_
3027,allen-p\_sent_mail\94_
3099,arnold-j\all_documents\111_
3121,arnold-j\all_documents\12_
3181,arnold-j\all_documents\180_
3424,arnold-j\all_documents\39_
3462,arnold-j\all_documents\433_
3541,arnold-j\all_documents\504_
3638,arnold-j\all_documents\592_
3654,arnold-j\all_documents\606_
3657,arnold-j\all_documents\609_
3703,arnold-j\all_documents\652_
3827,arnold-j\all_documents\767_
3927,arnold-j\all_documents\858_
3928,arnold-j\all_documents\859_
3930,arnold-j\all_documents\860_
3938,arnold-j\all_documents\868_
4039,arnold-j\all_documents\95_
4108,arnold-j\bristol_babcock\1_
4142,arnold-j\deleted_items\101_
4173,arnold-j\deleted_items\12_
4182,arnold-j\deleted_items\138_
4202,arnold-j\deleted_items\156_
4255,arnold-j\deleted_items\203_
4266,arnold-j\deleted_items\213_
4310,arnold-j\deleted_items\255_
4369,arnold-j\deleted_items\30_
4423,arnold-j\deleted_items\35_
4429,arnold-j\deleted_items\365_
4439,arnold-j\deleted_items\374_
4463,arnold-j\deleted_items\397_
4492,arnold-j\deleted_items\423_
4509,arnold-j\deleted_items\439_
4536,arnold-j\deleted_items\463_
4545,arnold-j\deleted_items\471_
4553,arnold-j\deleted_items\47_
4558,arnold-j\deleted_items\484_
4561,arnold-j\deleted_items\48_
4563,arnold-j\deleted_items\491_
4578,arnold-j\deleted_items\506_
4583,arnold-j\deleted_items\510_
4585,arnold-j\deleted_items\512_
4590,arnold-j\deleted_items\517_
4591,arnold-j\deleted_items\518_
4600,arnold-j\deleted_items\526_
4617,arnold-j\deleted_items\542_
4619,arnold-j\deleted_items\544_
4624,arnold-j\deleted_items\549_
4629,arnold-j\deleted_items\553_
4644,arnold-j\deleted_items\567_
4647,arnold-j\deleted_items\56_
4654,arnold-j\deleted_items\576_
4691,arnold-j\deleted_items\641_
4708,arnold-j\deleted_items\658_
4712,arnold-j\deleted_items\661_
4719,arnold-j\deleted_items\668_
4754,arnold-j\deleted_items\69_
4757,arnold-j\deleted_items\701_
4758,arnold-j\deleted_items\702_
4764,arnold-j\deleted_items\708_
4802,arnold-j\deleted_items\742_
4806,arnold-j\deleted_items\746_
4807,arnold-j\deleted_items\747_
4808,arnold-j\deleted_items\748_
4809,arnold-j\deleted_items\749_
4811,arnold-j\deleted_items\750_
4827,arnold-j\deleted_items\765_
4828,arnold-j\deleted_items\766_
5083,arnold-j\discussion_threads\423_
5113,arnold-j\discussion_threads\450_
5165,arnold-j\discussion_threads\498_
5186,arnold-j\discussion_threads\516_
5188,arnold-j\discussion_threads\518_
5202,arnold-j\discussion_threads\530_
5334,arnold-j\inbox\169_
5337,arnold-j\inbox\171_
5369,arnold-j\inbox\39_
5386,arnold-j\inbox\54_
5390,arnold-j\inbox\58_
5402,arnold-j\inbox\69_
5415,arnold-j\inbox\80_
5494,arnold-j\notes_inbox\56_
5507,arnold-j\notes_inbox\68_
5510,arnold-j\notes_inbox\70_
5531,arnold-j\personal\1_
5533,arnold-j\personal\3_
5636,arnold-j\sent\17_
5715,arnold-j\sent\250_
5793,arnold-j\sent\320_
5913,arnold-j\sent\430_
6027,arnold-j\sent\534_
6127,arnold-j\sent\624_
6128,arnold-j\sent\625_
6129,arnold-j\sent\626_
6138,arnold-j\sent\634_
6405,arnold-j\sent_items\140_
6413,arnold-j\sent_items\148_
6430,arnold-j\sent_items\163_
6455,arnold-j\sent_items\186_
6567,arnold-j\sent_items\290_
6658,arnold-j\sent_items\373_
6676,arnold-j\sent_items\38_
6692,arnold-j\sent_items\403_
7090,arnold-j\sony\6_
7187,arnold-j\_sent_mail\15_
7285,arnold-j\_sent_mail\248_
7363,arnold-j\_sent_mail\318_
7483,arnold-j\_sent_mail\426_
7598,arnold-j\_sent_mail\530_
7698,arnold-j\_sent_mail\620_
7699,arnold-j\_sent_mail\621_
7700,arnold-j\_sent_mail\622_
7709,arnold-j\_sent_mail\630_
7963,arora-h\all_documents\39_
7966,arora-h\all_documents\41_
8020,arora-h\deleted_items\122_
8048,arora-h\deleted_items\148_
8153,arora-h\deleted_items\61_
8160,arora-h\deleted_items\68_
8167,arora-h\deleted_items\74_
8186,arora-h\deleted_items\93_
8223,arora-h\discussion_threads\37_
8225,arora-h\discussion_threads\39_
8261,arora-h\inbox\receipts\3_
8283,arora-h\inbox\saved_mail\28_
8307,arora-h\inbox\saved_mail\4_
8310,arora-h\inbox\saved_mail\52_
8311,arora-h\inbox\saved_mail\53_
8351,arora-h\inbox\30_
8412,arora-h\savedmail\13_
8414,arora-h\savedmail\15_
8464,arora-h\savedmail\60_
8466,arora-h\savedmail\62_
8596,badeer-r\all_documents\10_
8624,badeer-r\all_documents\135_
8633,badeer-r\all_documents\143_
8635,badeer-r\all_documents\145_
8655,badeer-r\all_documents\163_
8665,badeer-r\all_documents\172_
8693,badeer-r\all_documents\198_
8727,badeer-r\all_documents\229_
8729,badeer-r\all_documents\230_
8804,badeer-r\all_documents\299_
8807,badeer-r\all_documents\300_
8851,badeer-r\all_documents\6_
8856,badeer-r\all_documents\74_
8896,badeer-r\california\20_
8904,badeer-r\california\28_
8997,badeer-r\discussion_threads\112_
9007,badeer-r\discussion_threads\121_
9033,badeer-r\discussion_threads\145_
9094,badeer-r\discussion_threads\1_
9098,badeer-r\discussion_threads\203_
9167,badeer-r\discussion_threads\267_
9172,badeer-r\discussion_threads\271_
9179,badeer-r\discussion_threads\278_
9221,badeer-r\discussion_threads\64_
9222,badeer-r\discussion_threads\65_
9250,badeer-r\discussion_threads\90_
9266,badeer-r\dj_articles\6_
9287,badeer-r\notes_inbox\105_
9292,badeer-r\notes_inbox\10_
9296,badeer-r\notes_inbox\113_
9299,badeer-r\notes_inbox\116_
9363,badeer-r\notes_inbox\6_
9368,badeer-r\notes_inbox\74_
9402,badeer-r\press_releases\6_
9411,badeer-r\_sent_mail\10_
9436,badeer-r\_sent_mail\34_
9437,badeer-r\_sent_mail\35_
9539,bailey-s\deleted_items\155_
9570,bailey-s\deleted_items\184_
9574,bailey-s\deleted_items\188_
9575,bailey-s\deleted_items\189_
9577,bailey-s\deleted_items\190_
9695,bailey-s\deleted_items\297_
9942,bass-e\all_documents\1001_
9984,bass-e\all_documents\103_
9994,bass-e\all_documents\1049_
