81,allen-p\all_documents\176_
95,allen-p\all_documents\189_
108,allen-p\all_documents\1_
147,allen-p\all_documents\236_
217,allen-p\all_documents\2_
234,allen-p\all_documents\315_
235,allen-p\all_documents\316_
250,allen-p\all_documents\32_
346,allen-p\all_documents\417_
424,allen-p\all_documents\488_
425,allen-p\all_documents\489_
432,allen-p\all_documents\495_
476,allen-p\all_documents\534_
630,allen-p\deleted_items\100_
644,allen-p\deleted_items\113_
650,allen-p\deleted_items\11_
655,allen-p\deleted_items\124_
669,allen-p\deleted_items\137_
694,allen-p\deleted_items\161_
724,allen-p\deleted_items\18_
732,allen-p\deleted_items\198_
736,allen-p\deleted_items\200_
740,allen-p\deleted_items\204_
795,allen-p\deleted_items\25_
802,allen-p\deleted_items\266_
816,allen-p\deleted_items\344_
826,allen-p\deleted_items\354_
863,allen-p\deleted_items\38_
878,allen-p\deleted_items\403_
894,allen-p\deleted_items\418_
898,allen-p\deleted_items\421_
944,allen-p\deleted_items\54_
961,allen-p\deleted_items\71_
995,allen-p\discussion_threads\104_
1106,allen-p\discussion_threads\204_
1131,allen-p\discussion_threads\22_
1134,allen-p\discussion_threads\232_
1135,allen-p\discussion_threads\233_
1136,allen-p\discussion_threads\23_
1217,allen-p\discussion_threads\432_
1244,allen-p\discussion_threads\457_
1249,allen-p\discussion_threads\461_
1250,allen-p\discussion_threads\462_
1308,allen-p\discussion_threads\514_
1367,allen-p\discussion_threads\67_
1399,allen-p\discussion_threads\96_
1427,allen-p\inbox\32_
1477,allen-p\notes_inbox\1_
1488,allen-p\notes_inbox\2_
1489,allen-p\notes_inbox\30_
1553,allen-p\sent\133_
1566,allen-p\sent\145_
1616,allen-p\sent\190_
1795,allen-p\sent\353_
1872,allen-p\sent\422_
1873,allen-p\sent\423_
1879,allen-p\sent\429_
1921,allen-p\sent\467_
2241,allen-p\sent_items\248_
2278,allen-p\sent_items\282_
2353,allen-p\sent_items\405_
2354,allen-p\sent_items\406_
2425,allen-p\straw\2_
2426,allen-p\straw\3_
2525,allen-p\_sent_mail\180_
2538,allen-p\_sent_mail\192_
2588,allen-p\_sent_mail\237_
2761,allen-p\_sent_mail\400_
2836,allen-p\_sent_mail\469_
2838,allen-p\_sent_mail\470_
2844,allen-p\_sent_mail\476_
2887,allen-p\_sent_mail\514_
3042,arnold-j\all_documents\1004_
3127,arnold-j\all_documents\135_
3241,arnold-j\all_documents\234_
3267,arnold-j\all_documents\258_
3351,arnold-j\all_documents\333_
3353,arnold-j\all_documents\335_
3489,arnold-j\all_documents\458_
3522,arnold-j\all_documents\488_
3530,arnold-j\all_documents\495_
3531,arnold-j\all_documents\496_
3548,arnold-j\all_documents\510_
3575,arnold-j\all_documents\535_
3578,arnold-j\all_documents\538_
3637,arnold-j\all_documents\591_
3639,arnold-j\all_documents\593_
3641,arnold-j\all_documents\595_
3653,arnold-j\all_documents\605_
3654,arnold-j\all_documents\606_
3660,arnold-j\all_documents\611_
3734,arnold-j\all_documents\680_
3746,arnold-j\all_documents\691_
3773,arnold-j\all_documents\716_
3779,arnold-j\all_documents\722_
3811,arnold-j\all_documents\751_
3818,arnold-j\all_documents\759_
3820,arnold-j\all_documents\760_
3838,arnold-j\all_documents\777_
3844,arnold-j\all_documents\783_
3857,arnold-j\all_documents\795_
3889,arnold-j\all_documents\823_
3914,arnold-j\all_documents\846_
3916,arnold-j\all_documents\848_
3922,arnold-j\all_documents\853_
3930,arnold-j\all_documents\860_
3961,arnold-j\all_documents\889_
3969,arnold-j\all_documents\896_
3970,arnold-j\all_documents\897_
3993,arnold-j\all_documents\918_
4027,arnold-j\all_documents\949_
4029,arnold-j\all_documents\950_
4037,arnold-j\all_documents\958_
4062,arnold-j\all_documents\980_
4070,arnold-j\all_documents\988_
4142,arnold-j\deleted_items\101_
4145,arnold-j\deleted_items\104_
4177,arnold-j\deleted_items\133_
4179,arnold-j\deleted_items\135_
4184,arnold-j\deleted_items\13_
4196,arnold-j\deleted_items\150_
4197,arnold-j\deleted_items\151_
4207,arnold-j\deleted_items\160_
4225,arnold-j\deleted_items\177_
4245,arnold-j\deleted_items\195_
4247,arnold-j\deleted_items\197_
4248,arnold-j\deleted_items\198_
4300,arnold-j\deleted_items\246_
4304,arnold-j\deleted_items\24_
4305,arnold-j\deleted_items\250_
4308,arnold-j\deleted_items\253_
4310,arnold-j\deleted_items\255_
4311,arnold-j\deleted_items\256_
4329,arnold-j\deleted_items\272_
4339,arnold-j\deleted_items\281_
4368,arnold-j\deleted_items\309_
4370,arnold-j\deleted_items\310_
4386,arnold-j\deleted_items\326_
4389,arnold-j\deleted_items\329_
4394,arnold-j\deleted_items\333_
4407,arnold-j\deleted_items\345_
4419,arnold-j\deleted_items\356_
4420,arnold-j\deleted_items\357_
4427,arnold-j\deleted_items\363_
4434,arnold-j\deleted_items\36_
4439,arnold-j\deleted_items\374_
4455,arnold-j\deleted_items\389_
4458,arnold-j\deleted_items\392_
4491,arnold-j\deleted_items\422_
4498,arnold-j\deleted_items\429_
4520,arnold-j\deleted_items\449_
4530,arnold-j\deleted_items\458_
4537,arnold-j\deleted_items\464_
4541,arnold-j\deleted_items\468_
4545,arnold-j\deleted_items\471_
4546,arnold-j\deleted_items\472_
4549,arnold-j\deleted_items\476_
4556,arnold-j\deleted_items\482_
4558,arnold-j\deleted_items\484_
4569,arnold-j\deleted_items\499_
4572,arnold-j\deleted_items\500_
4578,arnold-j\deleted_items\506_
4607,arnold-j\deleted_items\533_
4613,arnold-j\deleted_items\539_
4615,arnold-j\deleted_items\540_
4617,arnold-j\deleted_items\542_
4627,arnold-j\deleted_items\551_
4629,arnold-j\deleted_items\553_
4633,arnold-j\deleted_items\557_
4637,arnold-j\deleted_items\560_
4643,arnold-j\deleted_items\566_
4650,arnold-j\deleted_items\572_
4662,arnold-j\deleted_items\58_
4677,arnold-j\deleted_items\628_
4680,arnold-j\deleted_items\630_
4699,arnold-j\deleted_items\649_
4702,arnold-j\deleted_items\651_
4710,arnold-j\deleted_items\65_
4712,arnold-j\deleted_items\661_
4724,arnold-j\deleted_items\672_
4728,arnold-j\deleted_items\676_
4753,arnold-j\deleted_items\699_
4754,arnold-j\deleted_items\69_
4757,arnold-j\deleted_items\701_
4764,arnold-j\deleted_items\708_
4766,arnold-j\deleted_items\70_
4794,arnold-j\deleted_items\735_
4796,arnold-j\deleted_items\737_
4801,arnold-j\deleted_items\741_
4808,arnold-j\deleted_items\748_
4809,arnold-j\deleted_items\749_
4811,arnold-j\deleted_items\750_
4820,arnold-j\deleted_items\759_
4822,arnold-j\deleted_items\760_
4890,arnold-j\discussion_threads\123_
4892,arnold-j\discussion_threads\125_
4912,arnold-j\discussion_threads\143_
4921,arnold-j\discussion_threads\151_
5021,arnold-j\discussion_threads\368_
5028,arnold-j\discussion_threads\374_
5035,arnold-j\discussion_threads\380_
5044,arnold-j\discussion_threads\389_
5083,arnold-j\discussion_threads\423_
5084,arnold-j\discussion_threads\424_
5086,arnold-j\discussion_threads\426_
5088,arnold-j\discussion_threads\428_
5094,arnold-j\discussion_threads\433_
5107,arnold-j\discussion_threads\445_
5117,arnold-j\discussion_threads\454_
5118,arnold-j\discussion_threads\455_
5122,arnold-j\discussion_threads\459_
5130,arnold-j\discussion_threads\466_
5133,arnold-j\discussion_threads\469_
5149,arnold-j\discussion_threads\483_
5155,arnold-j\discussion_threads\489_
5184,arnold-j\discussion_threads\514_
5188,arnold-j\discussion_threads\518_
5189,arnold-j\discussion_threads\519_
5198,arnold-j\discussion_threads\527_
5200,arnold-j\discussion_threads\529_
5203,arnold-j\discussion_threads\531_
5334,arnold-j\inbox\169_
5336,arnold-j\inbox\170_
5343,arnold-j\inbox\17_
5369,arnold-j\inbox\39_
5386,arnold-j\inbox\54_
5390,arnold-j\inbox\58_
5391,arnold-j\inbox\59_
5420,arnold-j\inbox\85_
5426,arnold-j\inbox\90_
5428,arnold-j\inbox\92_
5493,arnold-j\notes_inbox\55_
5495,arnold-j\notes_inbox\57_
5497,arnold-j\notes_inbox\59_
5506,arnold-j\notes_inbox\67_
5507,arnold-j\notes_inbox\68_
5512,arnold-j\notes_inbox\72_
5604,arnold-j\sent\150_
5606,arnold-j\sent\152_
5741,arnold-j\sent\274_
5775,arnold-j\sent\304_
5783,arnold-j\sent\311_
5784,arnold-j\sent\312_
5799,arnold-j\sent\326_
5826,arnold-j\sent\350_
5829,arnold-j\sent\353_
5940,arnold-j\sent\455_
5948,arnold-j\sent\462_
5972,arnold-j\sent\484_
5977,arnold-j\sent\489_
6010,arnold-j\sent\518_
6012,arnold-j\sent\51_
6018,arnold-j\sent\526_
6019,arnold-j\sent\527_
6038,arnold-j\sent\544_
6043,arnold-j\sent\549_
6057,arnold-j\sent\561_
6087,arnold-j\sent\589_
6114,arnold-j\sent\612_
6116,arnold-j\sent\614_
6121,arnold-j\sent\619_
6129,arnold-j\sent\626_
6161,arnold-j\sent\655_
6169,arnold-j\sent\662_
6170,arnold-j\sent\663_
6192,arnold-j\sent\683_
6227,arnold-j\sent\714_
6228,arnold-j\sent\715_
6237,arnold-j\sent\723_
6261,arnold-j\sent\745_
6270,arnold-j\sent\753_
6277,arnold-j\sent\75_
6287,arnold-j\sent\769_
6538,arnold-j\sent_items\264_
6540,arnold-j\sent_items\266_
6549,arnold-j\sent_items\274_
6567,arnold-j\sent_items\290_
6683,arnold-j\sent_items\396_
6835,arnold-j\sent_items\533_
6837,arnold-j\sent_items\535_
6892,arnold-j\sent_items\586_
6951,arnold-j\sent_items\63_
6963,arnold-j\sent_items\70_
7075,arnold-j\sent_items\92_
7080,arnold-j\sent_items\97_
7091,arnold-j\sparefinders_com\1_
7174,arnold-j\_sent_mail\148_
7177,arnold-j\_sent_mail\150_
7312,arnold-j\_sent_mail\272_
7346,arnold-j\_sent_mail\302_
7353,arnold-j\_sent_mail\309_
7355,arnold-j\_sent_mail\310_
7370,arnold-j\_sent_mail\324_
7396,arnold-j\_sent_mail\348_
7400,arnold-j\_sent_mail\351_
7511,arnold-j\_sent_mail\451_
7518,arnold-j\_sent_mail\458_
7543,arnold-j\_sent_mail\480_
7548,arnold-j\_sent_mail\485_
7564,arnold-j\_sent_mail\49_
7581,arnold-j\_sent_mail\514_
7589,arnold-j\_sent_mail\522_
7590,arnold-j\_sent_mail\523_
7609,arnold-j\_sent_mail\540_
7614,arnold-j\_sent_mail\545_
7627,arnold-j\_sent_mail\557_
7658,arnold-j\_sent_mail\585_
7684,arnold-j\_sent_mail\608_
7687,arnold-j\_sent_mail\610_
7692,arnold-j\_sent_mail\615_
7700,arnold-j\_sent_mail\622_
7732,arnold-j\_sent_mail\651_
7739,arnold-j\_sent_mail\658_
7740,arnold-j\_sent_mail\659_
7762,arnold-j\_sent_mail\679_
7798,arnold-j\_sent_mail\710_
7799,arnold-j\_sent_mail\711_
7807,arnold-j\_sent_mail\719_
7830,arnold-j\_sent_mail\73_
7832,arnold-j\_sent_mail\741_
7840,arnold-j\_sent_mail\749_
7858,arnold-j\_sent_mail\765_
7950,arora-h\all_documents\27_
7952,arora-h\all_documents\29_
8008,arora-h\deleted_items\110_
8009,arora-h\deleted_items\111_
8037,arora-h\deleted_items\138_
8046,arora-h\deleted_items\146_
8049,arora-h\deleted_items\149_
8050,arora-h\deleted_items\14_
8063,arora-h\deleted_items\162_
8073,arora-h\deleted_items\171_
8074,arora-h\deleted_items\172_
8080,arora-h\deleted_items\178_
8083,arora-h\deleted_items\180_
8110,arora-h\deleted_items\23_
8112,arora-h\deleted_items\25_
8126,arora-h\deleted_items\37_
8134,arora-h\deleted_items\44_
8151,arora-h\deleted_items\5_
8153,arora-h\deleted_items\61_
8159,arora-h\deleted_items\67_
8160,arora-h\deleted_items\68_
8163,arora-h\deleted_items\70_
8164,arora-h\deleted_items\71_
8165,arora-h\deleted_items\72_
8167,arora-h\deleted_items\74_
8168,arora-h\deleted_items\75_
8169,arora-h\deleted_items\76_
8170,arora-h\deleted_items\77_
8171,arora-h\deleted_items\78_
8210,arora-h\discussion_threads\25_
8212,arora-h\discussion_threads\27_
8259,arora-h\inbox\receipts\1_
8318,arora-h\inbox\saved_mail\5_
8326,arora-h\inbox\saved_mail\7_
8333,arora-h\inbox\14_
8344,arora-h\inbox\24_
8382,arora-h\inbox\70_
8391,arora-h\inbox\7_
8405,arora-h\inbox\92_
8422,arora-h\savedmail\22_
8424,arora-h\savedmail\24_
8521,arora-h\sent_items\22_
8545,arora-h\sent_items\44_
9573,bailey-s\deleted_items\187_
9679,bailey-s\deleted_items\282_
9682,bailey-s\deleted_items\285_
9689,bailey-s\deleted_items\291_
9962,bass-e\all_documents\101_
