27,allen-p\all_documents\125_
28,allen-p\all_documents\126_
37,allen-p\all_documents\135_
43,allen-p\all_documents\141_
108,allen-p\all_documents\1_
117,allen-p\all_documents\208_
145,allen-p\all_documents\234_
219,allen-p\all_documents\301_
281,allen-p\all_documents\359_
363,allen-p\all_documents\432_
366,allen-p\all_documents\435_
387,allen-p\all_documents\454_
393,allen-p\all_documents\45_
461,allen-p\all_documents\520_
501,allen-p\all_documents\557_
522,allen-p\all_documents\576_
553,allen-p\all_documents\604_
555,allen-p\all_documents\606_
611,allen-p\all_documents\85_
637,allen-p\deleted_items\107_
651,allen-p\deleted_items\120_
664,allen-p\deleted_items\132_
690,allen-p\deleted_items\158_
707,allen-p\deleted_items\174_
731,allen-p\deleted_items\197_
766,allen-p\deleted_items\232_
767,allen-p\deleted_items\233_
777,allen-p\deleted_items\242_
783,allen-p\deleted_items\249_
785,allen-p\deleted_items\250_
815,allen-p\deleted_items\343_
826,allen-p\deleted_items\354_
866,allen-p\deleted_items\392_
896,allen-p\deleted_items\41_
922,allen-p\deleted_items\445_
937,allen-p\deleted_items\48_
956,allen-p\deleted_items\67_
990,allen-p\deleted_items\9_
1021,allen-p\discussion_threads\128_
1025,allen-p\discussion_threads\131_
1032,allen-p\discussion_threads\138_
1033,allen-p\discussion_threads\139_
1066,allen-p\discussion_threads\169_
1093,allen-p\discussion_threads\193_
1135,allen-p\discussion_threads\233_
1162,allen-p\discussion_threads\382_
1164,allen-p\discussion_threads\384_
1184,allen-p\discussion_threads\402_
1228,allen-p\discussion_threads\442_
1278,allen-p\discussion_threads\488_
1295,allen-p\discussion_threads\502_
1298,allen-p\discussion_threads\505_
1345,allen-p\discussion_threads\548_
1369,allen-p\discussion_threads\69_
1456,allen-p\inbox\73_
1466,allen-p\inbox\87_
1477,allen-p\notes_inbox\1_
1508,allen-p\notes_inbox\48_
1585,allen-p\sent\162_
1613,allen-p\sent\188_
1686,allen-p\sent\254_
1811,allen-p\sent\368_
1815,allen-p\sent\371_
1836,allen-p\sent\390_
1891,allen-p\sent\43_
1907,allen-p\sent\454_
1947,allen-p\sent\490_
1967,allen-p\sent\508_
1997,allen-p\sent\536_
1999,allen-p\sent\538_
2039,allen-p\sent\6_
2060,allen-p\sent\83_
2061,allen-p\sent\84_
2071,allen-p\sent\93_
2077,allen-p\sent\99_
2212,allen-p\sent_items\221_
2228,allen-p\sent_items\236_
2269,allen-p\sent_items\273_
2330,allen-p\sent_items\383_
2356,allen-p\sent_items\409_
2406,allen-p\sent_items\84_
2470,allen-p\_sent_mail\130_
2471,allen-p\_sent_mail\131_
2481,allen-p\_sent_mail\140_
2487,allen-p\_sent_mail\146_
2557,allen-p\_sent_mail\209_
2586,allen-p\_sent_mail\235_
2659,allen-p\_sent_mail\301_
2777,allen-p\_sent_mail\415_
2780,allen-p\_sent_mail\418_
2801,allen-p\_sent_mail\437_
2873,allen-p\_sent_mail\501_
2912,allen-p\_sent_mail\537_
2915,allen-p\_sent_mail\53_
2932,allen-p\_sent_mail\555_
2962,allen-p\_sent_mail\583_
2964,allen-p\_sent_mail\585_
3023,allen-p\_sent_mail\90_
3095,arnold-j\all_documents\108_
3118,arnold-j\all_documents\127_
3119,arnold-j\all_documents\128_
3127,arnold-j\all_documents\135_
3139,arnold-j\all_documents\142_
3162,arnold-j\all_documents\163_
3202,arnold-j\all_documents\19_
3206,arnold-j\all_documents\202_
3208,arnold-j\all_documents\204_
3213,arnold-j\all_documents\209_
3353,arnold-j\all_documents\335_
3384,arnold-j\all_documents\363_
3390,arnold-j\all_documents\369_
3425,arnold-j\all_documents\3_
3443,arnold-j\all_documents\416_
3575,arnold-j\all_documents\535_
3576,arnold-j\all_documents\536_
3577,arnold-j\all_documents\537_
3578,arnold-j\all_documents\538_
3580,arnold-j\all_documents\53_
3588,arnold-j\all_documents\547_
3638,arnold-j\all_documents\592_
3653,arnold-j\all_documents\605_
3654,arnold-j\all_documents\606_
3658,arnold-j\all_documents\60_
3756,arnold-j\all_documents\6_
3767,arnold-j\all_documents\70_
3790,arnold-j\all_documents\732_
3832,arnold-j\all_documents\771_
3835,arnold-j\all_documents\774_
3838,arnold-j\all_documents\777_
3861,arnold-j\all_documents\799_
3863,arnold-j\all_documents\7_
3883,arnold-j\all_documents\818_
3914,arnold-j\all_documents\846_
3930,arnold-j\all_documents\860_
3938,arnold-j\all_documents\868_
4050,arnold-j\all_documents\96_
4073,arnold-j\all_documents\990_
4085,arnold-j\avaya\1_
4086,arnold-j\avaya\2_
4087,arnold-j\avaya\3_
4119,arnold-j\compaq\4_
4144,arnold-j\deleted_items\103_
4148,arnold-j\deleted_items\107_
4164,arnold-j\deleted_items\121_
4177,arnold-j\deleted_items\133_
4179,arnold-j\deleted_items\135_
4211,arnold-j\deleted_items\164_
4229,arnold-j\deleted_items\180_
4248,arnold-j\deleted_items\198_
4271,arnold-j\deleted_items\218_
4282,arnold-j\deleted_items\229_
4285,arnold-j\deleted_items\231_
4286,arnold-j\deleted_items\232_
4288,arnold-j\deleted_items\234_
4310,arnold-j\deleted_items\255_
4322,arnold-j\deleted_items\266_
4333,arnold-j\deleted_items\276_
4339,arnold-j\deleted_items\281_
4343,arnold-j\deleted_items\285_
4369,arnold-j\deleted_items\30_
4383,arnold-j\deleted_items\323_
4411,arnold-j\deleted_items\349_
4431,arnold-j\deleted_items\367_
4439,arnold-j\deleted_items\374_
4440,arnold-j\deleted_items\375_
4474,arnold-j\deleted_items\406_
4505,arnold-j\deleted_items\435_
4509,arnold-j\deleted_items\439_
4513,arnold-j\deleted_items\442_
4536,arnold-j\deleted_items\463_
4539,arnold-j\deleted_items\466_
4540,arnold-j\deleted_items\467_
4541,arnold-j\deleted_items\468_
4558,arnold-j\deleted_items\484_
4561,arnold-j\deleted_items\48_
4583,arnold-j\deleted_items\510_
4585,arnold-j\deleted_items\512_
4590,arnold-j\deleted_items\517_
4615,arnold-j\deleted_items\540_
4617,arnold-j\deleted_items\542_
4622,arnold-j\deleted_items\547_
4626,arnold-j\deleted_items\550_
4638,arnold-j\deleted_items\561_
4640,arnold-j\deleted_items\563_
4644,arnold-j\deleted_items\567_
4647,arnold-j\deleted_items\56_
4666,arnold-j\deleted_items\618_
4667,arnold-j\deleted_items\619_
4706,arnold-j\deleted_items\656_
4707,arnold-j\deleted_items\657_
4708,arnold-j\deleted_items\658_
4712,arnold-j\deleted_items\661_
4754,arnold-j\deleted_items\69_
4757,arnold-j\deleted_items\701_
4758,arnold-j\deleted_items\702_
4761,arnold-j\deleted_items\705_
4764,arnold-j\deleted_items\708_
4791,arnold-j\deleted_items\732_
4808,arnold-j\deleted_items\748_
4809,arnold-j\deleted_items\749_
4811,arnold-j\deleted_items\750_
4817,arnold-j\deleted_items\756_
4827,arnold-j\deleted_items\765_
4835,arnold-j\deleted_items\772_
4864,arnold-j\dell\1_
4870,arnold-j\discussion_threads\105_
4890,arnold-j\discussion_threads\123_
4938,arnold-j\discussion_threads\167_
4940,arnold-j\discussion_threads\169_
4968,arnold-j\discussion_threads\194_
5083,arnold-j\discussion_threads\423_
5088,arnold-j\discussion_threads\428_
5111,arnold-j\discussion_threads\449_
5132,arnold-j\discussion_threads\468_
5188,arnold-j\discussion_threads\518_
5189,arnold-j\discussion_threads\519_
5202,arnold-j\discussion_threads\530_
5271,arnold-j\etol\1_
5275,arnold-j\fedex\2_
5277,arnold-j\fedex\4_
5283,arnold-j\hp\12_
5348,arnold-j\inbox\209_
5359,arnold-j\inbox\2_
5364,arnold-j\inbox\34_
5369,arnold-j\inbox\39_
5373,arnold-j\inbox\42_
5379,arnold-j\inbox\48_
5380,arnold-j\inbox\49_
5386,arnold-j\inbox\54_
5398,arnold-j\inbox\65_
5435,arnold-j\inbox\99_
5448,arnold-j\notes_inbox\14_
5468,arnold-j\notes_inbox\32_
5470,arnold-j\notes_inbox\34_
5494,arnold-j\notes_inbox\56_
5506,arnold-j\notes_inbox\67_
5507,arnold-j\notes_inbox\68_
5543,arnold-j\sap\3_
5606,arnold-j\sent\152_
5637,arnold-j\sent\180_
5643,arnold-j\sent\186_
5696,arnold-j\sent\233_
5826,arnold-j\sent\350_
5827,arnold-j\sent\351_
5828,arnold-j\sent\352_
5829,arnold-j\sent\353_
5836,arnold-j\sent\35_
5988,arnold-j\sent\499_
6031,arnold-j\sent\538_
6035,arnold-j\sent\541_
6038,arnold-j\sent\544_
6061,arnold-j\sent\565_
6082,arnold-j\sent\584_
6114,arnold-j\sent\612_
6129,arnold-j\sent\626_
6138,arnold-j\sent\634_
6272,arnold-j\sent\755_
6368,arnold-j\sent_items\107_
6398,arnold-j\sent_items\134_
6405,arnold-j\sent_items\140_
6413,arnold-j\sent_items\148_
6430,arnold-j\sent_items\163_
6476,arnold-j\sent_items\204_
6479,arnold-j\sent_items\207_
6480,arnold-j\sent_items\208_
6567,arnold-j\sent_items\290_
6573,arnold-j\sent_items\296_
6634,arnold-j\sent_items\351_
6802,arnold-j\sent_items\503_
6827,arnold-j\sent_items\526_
6834,arnold-j\sent_items\532_
6938,arnold-j\sent_items\627_
6945,arnold-j\sent_items\633_
6946,arnold-j\sent_items\634_
6961,arnold-j\sent_items\708_
6964,arnold-j\sent_items\710_
6968,arnold-j\sent_items\714_
6997,arnold-j\sent_items\740_
7013,arnold-j\sent_items\755_
7034,arnold-j\sent_items\774_
7091,arnold-j\sparefinders_com\1_
7099,arnold-j\tasks\3_
7108,arnold-j\universal_studios\3_
7177,arnold-j\_sent_mail\150_
7207,arnold-j\_sent_mail\178_
7214,arnold-j\_sent_mail\184_
7267,arnold-j\_sent_mail\231_
7387,arnold-j\_sent_mail\33_
7396,arnold-j\_sent_mail\348_
7397,arnold-j\_sent_mail\349_
7399,arnold-j\_sent_mail\350_
7400,arnold-j\_sent_mail\351_
7559,arnold-j\_sent_mail\495_
7602,arnold-j\_sent_mail\534_
7605,arnold-j\_sent_mail\537_
7609,arnold-j\_sent_mail\540_
7632,arnold-j\_sent_mail\561_
7653,arnold-j\_sent_mail\580_
7684,arnold-j\_sent_mail\608_
7700,arnold-j\_sent_mail\622_
7709,arnold-j\_sent_mail\630_
7843,arnold-j\_sent_mail\751_
7964,arora-h\all_documents\3_
7974,arora-h\all_documents\49_
8007,arora-h\deleted_items\10_
8037,arora-h\deleted_items\138_
8039,arora-h\deleted_items\13_
8050,arora-h\deleted_items\14_
8062,arora-h\deleted_items\161_
8064,arora-h\deleted_items\163_
8079,arora-h\deleted_items\177_
8083,arora-h\deleted_items\180_
8103,arora-h\deleted_items\19_
8112,arora-h\deleted_items\25_
8122,arora-h\deleted_items\33_
8125,arora-h\deleted_items\36_
8133,arora-h\deleted_items\43_
8141,arora-h\deleted_items\50_
8158,arora-h\deleted_items\66_
8162,arora-h\deleted_items\6_
8169,arora-h\deleted_items\76_
8170,arora-h\deleted_items\77_
8226,arora-h\discussion_threads\3_
8233,arora-h\discussion_threads\46_
8281,arora-h\inbox\saved_mail\26_
8283,arora-h\inbox\saved_mail\28_
8300,arora-h\inbox\saved_mail\43_
8335,arora-h\inbox\16_
8342,arora-h\inbox\22_
8344,arora-h\inbox\24_
8349,arora-h\inbox\29_
8351,arora-h\inbox\30_
8379,arora-h\inbox\68_
8381,arora-h\inbox\6_
8394,arora-h\inbox\82_
8406,arora-h\inbox\93_
8407,arora-h\inbox\9_
8447,arora-h\savedmail\45_
8458,arora-h\savedmail\55_
8496,arora-h\savedmail\8_
8521,arora-h\sent_items\22_
8535,arora-h\sent_items\35_
8539,arora-h\sent_items\39_
8543,arora-h\sent_items\42_
8552,arora-h\sent_items\50_
8619,badeer-r\all_documents\130_
8620,badeer-r\all_documents\131_
8640,badeer-r\all_documents\14_
8648,badeer-r\all_documents\157_
8655,badeer-r\all_documents\163_
8665,badeer-r\all_documents\172_
8673,badeer-r\all_documents\17_
8756,badeer-r\all_documents\255_
8804,badeer-r\all_documents\299_
8807,badeer-r\all_documents\300_
8808,badeer-r\all_documents\301_
8825,badeer-r\all_documents\46_
8904,badeer-r\california\28_
8931,badeer-r\california\52_
8962,badeer-r\cal_articles\8_
8965,badeer-r\capx\3_
8971,badeer-r\deleted_items\10_
8976,badeer-r\deleted_items\2_
8977,badeer-r\deleted_items\3_
8981,badeer-r\deleted_items\7_
8982,badeer-r\deleted_items\8_
8997,badeer-r\discussion_threads\112_
9007,badeer-r\discussion_threads\121_
9013,badeer-r\discussion_threads\127_
9037,badeer-r\discussion_threads\149_
9039,badeer-r\discussion_threads\150_
9094,badeer-r\discussion_threads\1_
9129,badeer-r\discussion_threads\231_
9160,badeer-r\discussion_threads\260_
9163,badeer-r\discussion_threads\263_
9178,badeer-r\discussion_threads\277_
9179,badeer-r\discussion_threads\278_
9196,badeer-r\discussion_threads\41_
9265,badeer-r\dj_articles\5_
9274,badeer-r\memo_s\3_
9287,badeer-r\notes_inbox\105_
9299,badeer-r\notes_inbox\116_
9303,badeer-r\notes_inbox\14_
9306,badeer-r\notes_inbox\17_
9337,badeer-r\notes_inbox\46_
9402,badeer-r\press_releases\6_
9404,badeer-r\sent_items\2_
9468,bailey-s\all_documents\15_
9576,bailey-s\deleted_items\18_
9584,bailey-s\deleted_items\197_
9624,bailey-s\deleted_items\232_
9651,bailey-s\deleted_items\257_
9680,bailey-s\deleted_items\283_
9697,bailey-s\deleted_items\299_
9764,bailey-s\deleted_items\359_
9826,bailey-s\deleted_items\414_
9885,bailey-s\deleted_items\75_
9904,bailey-s\deleted_items\92_
9909,bailey-s\deleted_items\97_
9919,bailey-s\notes_inbox\2_
9938,bailey-s\sent_items\6_
9942,bass-e\all_documents\1001_
9973,bass-e\all_documents\102_
9984,bass-e\all_documents\103_
