32,allen-p\all_documents\130_
38,allen-p\all_documents\136_
39,allen-p\all_documents\137_
44,allen-p\all_documents\142_
75,allen-p\all_documents\170_
293,allen-p\all_documents\36_
346,allen-p\all_documents\417_
393,allen-p\all_documents\45_
401,allen-p\all_documents\467_
404,allen-p\all_documents\46_
458,allen-p\all_documents\518_
463,allen-p\all_documents\522_
504,allen-p\all_documents\55_
564,allen-p\all_documents\614_
580,allen-p\all_documents\64_
634,allen-p\deleted_items\104_
681,allen-p\deleted_items\149_
690,allen-p\deleted_items\158_
822,allen-p\deleted_items\350_
878,allen-p\deleted_items\403_
900,allen-p\deleted_items\423_
904,allen-p\deleted_items\427_
907,allen-p\deleted_items\430_
998,allen-p\discussion_threads\107_
1020,allen-p\discussion_threads\127_
1024,allen-p\discussion_threads\130_
1029,allen-p\discussion_threads\135_
1080,allen-p\discussion_threads\181_
1085,allen-p\discussion_threads\186_
1092,allen-p\discussion_threads\192_
1093,allen-p\discussion_threads\193_
1102,allen-p\discussion_threads\200_
1227,allen-p\discussion_threads\441_
1229,allen-p\discussion_threads\443_
1268,allen-p\discussion_threads\479_
1308,allen-p\discussion_threads\514_
1403,allen-p\inbox\10_
1493,allen-p\notes_inbox\34_
1517,allen-p\sent\100_
1546,allen-p\sent\127_
1571,allen-p\sent\14_
1660,allen-p\sent\22_
1795,allen-p\sent\353_
1849,allen-p\sent\401_
1905,allen-p\sent\452_
1909,allen-p\sent\456_
2008,allen-p\sent\546_
2039,allen-p\sent\6_
2056,allen-p\sent\7_
2065,allen-p\sent\88_
2072,allen-p\sent\94_
2073,allen-p\sent\95_
2174,allen-p\sent_items\188_
2241,allen-p\sent_items\248_
2283,allen-p\sent_items\287_
2307,allen-p\sent_items\30_
2475,allen-p\_sent_mail\135_
2482,allen-p\_sent_mail\141_
2483,allen-p\_sent_mail\142_
2488,allen-p\_sent_mail\147_
2518,allen-p\_sent_mail\174_
2761,allen-p\_sent_mail\400_
2813,allen-p\_sent_mail\448_
2869,allen-p\_sent_mail\499_
2875,allen-p\_sent_mail\503_
2915,allen-p\_sent_mail\53_
2926,allen-p\_sent_mail\54_
2973,allen-p\_sent_mail\593_
2989,allen-p\_sent_mail\61_
2997,allen-p\_sent_mail\69_
3165,arnold-j\all_documents\166_
3179,arnold-j\all_documents\179_
3271,arnold-j\all_documents\261_
3295,arnold-j\all_documents\283_
3442,arnold-j\all_documents\415_
3449,arnold-j\all_documents\421_
3481,arnold-j\all_documents\450_
3528,arnold-j\all_documents\493_
3653,arnold-j\all_documents\605_
3901,arnold-j\all_documents\834_
3930,arnold-j\all_documents\860_
4259,arnold-j\deleted_items\207_
4280,arnold-j\deleted_items\227_
4311,arnold-j\deleted_items\256_
4328,arnold-j\deleted_items\271_
4401,arnold-j\deleted_items\33_
4403,arnold-j\deleted_items\341_
4429,arnold-j\deleted_items\365_
4509,arnold-j\deleted_items\439_
4521,arnold-j\deleted_items\44_
4541,arnold-j\deleted_items\468_
4561,arnold-j\deleted_items\48_
4590,arnold-j\deleted_items\517_
4610,arnold-j\deleted_items\536_
4613,arnold-j\deleted_items\539_
4615,arnold-j\deleted_items\540_
4712,arnold-j\deleted_items\661_
4757,arnold-j\deleted_items\701_
4758,arnold-j\deleted_items\702_
4764,arnold-j\deleted_items\708_
4836,arnold-j\deleted_items\773_
4953,arnold-j\discussion_threads\180_
4960,arnold-j\discussion_threads\187_
5083,arnold-j\discussion_threads\423_
5189,arnold-j\discussion_threads\519_
5250,arnold-j\discussion_threads\86_
5251,arnold-j\discussion_threads\87_
5298,arnold-j\inbox\12_
5302,arnold-j\inbox\13_
5313,arnold-j\inbox\14_
5334,arnold-j\inbox\169_
5350,arnold-j\inbox\21_
5370,arnold-j\inbox\3_
5386,arnold-j\inbox\54_
5390,arnold-j\inbox\58_
5458,arnold-j\notes_inbox\23_
5506,arnold-j\notes_inbox\67_
5545,arnold-j\sent\100_
5581,arnold-j\sent\12_
5695,arnold-j\sent\232_
5701,arnold-j\sent\238_
5733,arnold-j\sent\267_
5780,arnold-j\sent\309_
6101,arnold-j\sent\600_
6129,arnold-j\sent\626_
6310,arnold-j\sent\78_
6399,arnold-j\sent_items\135_
6430,arnold-j\sent_items\163_
6558,arnold-j\sent_items\282_
6694,arnold-j\sent_items\405_
6701,arnold-j\sent_items\411_
6724,arnold-j\sent_items\433_
6747,arnold-j\sent_items\454_
6751,arnold-j\sent_items\458_
6806,arnold-j\sent_items\507_
6848,arnold-j\sent_items\546_
6850,arnold-j\sent_items\548_
6901,arnold-j\sent_items\594_
7034,arnold-j\sent_items\774_
7128,arnold-j\_sent_mail\10_
7266,arnold-j\_sent_mail\230_
7272,arnold-j\_sent_mail\236_
7304,arnold-j\_sent_mail\265_
7351,arnold-j\_sent_mail\307_
7670,arnold-j\_sent_mail\596_
7700,arnold-j\_sent_mail\622_
7863,arnold-j\_sent_mail\76_
7929,arnold-j\_sent_mail\98_
8005,arora-h\deleted_items\108_
8025,arora-h\deleted_items\127_
8048,arora-h\deleted_items\148_
8062,arora-h\deleted_items\161_
8083,arora-h\deleted_items\180_
8167,arora-h\deleted_items\74_
8170,arora-h\deleted_items\77_
8263,arora-h\inbox\saved_mail\11_
8270,arora-h\inbox\saved_mail\16_
8312,arora-h\inbox\saved_mail\54_
8394,arora-h\inbox\82_
8586,badeer-r\all_documents\100_
8620,badeer-r\all_documents\131_
8634,badeer-r\all_documents\144_
8652,badeer-r\all_documents\160_
8655,badeer-r\all_documents\163_
8865,badeer-r\all_documents\82_
8957,badeer-r\cal_articles\3_
9007,badeer-r\discussion_threads\121_
9010,badeer-r\discussion_threads\124_
9025,badeer-r\discussion_threads\138_
9037,badeer-r\discussion_threads\149_
9070,badeer-r\discussion_threads\179_
9088,badeer-r\discussion_threads\195_
9265,badeer-r\dj_articles\5_
9284,badeer-r\notes_inbox\102_
9287,badeer-r\notes_inbox\105_
9372,badeer-r\notes_inbox\78_
9388,badeer-r\notes_inbox\92_
9533,bailey-s\deleted_items\14_
9587,bailey-s\deleted_items\19_
9599,bailey-s\deleted_items\20_
9626,bailey-s\deleted_items\234_
9757,bailey-s\deleted_items\352_
9767,bailey-s\deleted_items\361_
9942,bass-e\all_documents\1001_
9984,bass-e\all_documents\103_
