21,allen-p\all_documents\11_
28,allen-p\all_documents\126_
33,allen-p\all_documents\131_
37,allen-p\all_documents\135_
43,allen-p\all_documents\141_
51,allen-p\all_documents\149_
57,allen-p\all_documents\154_
66,allen-p\all_documents\162_
81,allen-p\all_documents\176_
107,allen-p\all_documents\19_
108,allen-p\all_documents\1_
115,allen-p\all_documents\206_
119,allen-p\all_documents\20_
126,allen-p\all_documents\216_
163,allen-p\all_documents\250_
176,allen-p\all_documents\262_
217,allen-p\all_documents\2_
276,allen-p\all_documents\354_
280,allen-p\all_documents\358_
284,allen-p\all_documents\361_
293,allen-p\all_documents\36_
297,allen-p\all_documents\373_
300,allen-p\all_documents\376_
301,allen-p\all_documents\377_
306,allen-p\all_documents\381_
322,allen-p\all_documents\396_
323,allen-p\all_documents\397_
327,allen-p\all_documents\3_
333,allen-p\all_documents\405_
345,allen-p\all_documents\416_
349,allen-p\all_documents\41_
355,allen-p\all_documents\425_
356,allen-p\all_documents\426_
398,allen-p\all_documents\464_
399,allen-p\all_documents\465_
410,allen-p\all_documents\475_
430,allen-p\all_documents\493_
438,allen-p\all_documents\4_
455,allen-p\all_documents\515_
458,allen-p\all_documents\518_
463,allen-p\all_documents\522_
467,allen-p\all_documents\526_
471,allen-p\all_documents\52_
478,allen-p\all_documents\536_
485,allen-p\all_documents\542_
505,allen-p\all_documents\560_
507,allen-p\all_documents\562_
520,allen-p\all_documents\574_
522,allen-p\all_documents\576_
524,allen-p\all_documents\578_
526,allen-p\all_documents\57_
528,allen-p\all_documents\581_
550,allen-p\all_documents\601_
551,allen-p\all_documents\602_
556,allen-p\all_documents\607_
560,allen-p\all_documents\610_
580,allen-p\all_documents\64_
589,allen-p\all_documents\72_
604,allen-p\all_documents\838_
619,allen-p\all_documents\92_
632,allen-p\deleted_items\102_
636,allen-p\deleted_items\106_
641,allen-p\deleted_items\110_
642,allen-p\deleted_items\111_
646,allen-p\deleted_items\115_
659,allen-p\deleted_items\128_
665,allen-p\deleted_items\133_
699,allen-p\deleted_items\166_
702,allen-p\deleted_items\169_
703,allen-p\deleted_items\16_
709,allen-p\deleted_items\176_
715,allen-p\deleted_items\181_
722,allen-p\deleted_items\188_
735,allen-p\deleted_items\1_
737,allen-p\deleted_items\201_
738,allen-p\deleted_items\202_
746,allen-p\deleted_items\20_
749,allen-p\deleted_items\212_
752,allen-p\deleted_items\215_
756,allen-p\deleted_items\21_
760,allen-p\deleted_items\227_
777,allen-p\deleted_items\242_
782,allen-p\deleted_items\248_
801,allen-p\deleted_items\265_
803,allen-p\deleted_items\267_
805,allen-p\deleted_items\27_
806,allen-p\deleted_items\28_
808,allen-p\deleted_items\2_
809,allen-p\deleted_items\30_
811,allen-p\deleted_items\32_
812,allen-p\deleted_items\340_
815,allen-p\deleted_items\343_
816,allen-p\deleted_items\344_
817,allen-p\deleted_items\345_
823,allen-p\deleted_items\351_
832,allen-p\deleted_items\35_
848,allen-p\deleted_items\375_
849,allen-p\deleted_items\376_
864,allen-p\deleted_items\390_
865,allen-p\deleted_items\391_
872,allen-p\deleted_items\398_
879,allen-p\deleted_items\404_
882,allen-p\deleted_items\407_
884,allen-p\deleted_items\409_
885,allen-p\deleted_items\40_
900,allen-p\deleted_items\423_
903,allen-p\deleted_items\426_
912,allen-p\deleted_items\435_
916,allen-p\deleted_items\439_
917,allen-p\deleted_items\43_
929,allen-p\deleted_items\451_
933,allen-p\deleted_items\455_
936,allen-p\deleted_items\47_
938,allen-p\deleted_items\49_
942,allen-p\deleted_items\52_
952,allen-p\deleted_items\63_
955,allen-p\deleted_items\66_
959,allen-p\deleted_items\6_
964,allen-p\deleted_items\74_
965,allen-p\deleted_items\75_
967,allen-p\deleted_items\77_
968,allen-p\deleted_items\79_
985,allen-p\deleted_items\94_
986,allen-p\deleted_items\95_
987,allen-p\deleted_items\96_
995,allen-p\discussion_threads\104_
1004,allen-p\discussion_threads\112_
1009,allen-p\discussion_threads\117_
1014,allen-p\discussion_threads\121_
1021,allen-p\discussion_threads\128_
1025,allen-p\discussion_threads\131_
1032,allen-p\discussion_threads\138_
1061,allen-p\discussion_threads\164_
1074,allen-p\discussion_threads\176_
1080,allen-p\discussion_threads\181_
1088,allen-p\discussion_threads\189_
1096,allen-p\discussion_threads\196_
1102,allen-p\discussion_threads\200_
1118,allen-p\discussion_threads\216_
1119,allen-p\discussion_threads\217_
1124,allen-p\discussion_threads\221_
1132,allen-p\discussion_threads\230_
1133,allen-p\discussion_threads\231_
1134,allen-p\discussion_threads\232_
1135,allen-p\discussion_threads\233_
1157,allen-p\discussion_threads\378_
1161,allen-p\discussion_threads\381_
1179,allen-p\discussion_threads\399_
1182,allen-p\discussion_threads\400_
1184,allen-p\discussion_threads\402_
1186,allen-p\discussion_threads\404_
1196,allen-p\discussion_threads\413_
1215,allen-p\discussion_threads\430_
1222,allen-p\discussion_threads\437_
1227,allen-p\discussion_threads\441_
1229,allen-p\discussion_threads\443_
1246,allen-p\discussion_threads\459_
1260,allen-p\discussion_threads\471_
1271,allen-p\discussion_threads\481_
1302,allen-p\discussion_threads\509_
1309,allen-p\discussion_threads\515_
1329,allen-p\discussion_threads\533_
1330,allen-p\discussion_threads\534_
1333,allen-p\discussion_threads\537_
1346,allen-p\discussion_threads\549_
1351,allen-p\discussion_threads\553_
1353,allen-p\discussion_threads\555_
1357,allen-p\discussion_threads\58_
1379,allen-p\discussion_threads\78_
1387,allen-p\discussion_threads\85_
1403,allen-p\inbox\10_
1404,allen-p\inbox\11_
1408,allen-p\inbox\15_
1409,allen-p\inbox\16_
1410,allen-p\inbox\17_
1411,allen-p\inbox\18_
1414,allen-p\inbox\20_
1415,allen-p\inbox\21_
1426,allen-p\inbox\31_
1434,allen-p\inbox\39_
1439,allen-p\inbox\43_
1440,allen-p\inbox\44_
1447,allen-p\inbox\65_
1448,allen-p\inbox\66_
1455,allen-p\inbox\72_
1460,allen-p\inbox\79_
1461,allen-p\inbox\7_
1464,allen-p\inbox\85_
1468,allen-p\inbox\9_
1470,allen-p\notes_inbox\11_
1476,allen-p\notes_inbox\19_
1477,allen-p\notes_inbox\1_
1478,allen-p\notes_inbox\20_
1488,allen-p\notes_inbox\2_
1493,allen-p\notes_inbox\34_
1497,allen-p\notes_inbox\38_
1499,allen-p\notes_inbox\3_
1501,allen-p\notes_inbox\41_
1503,allen-p\notes_inbox\43_
1507,allen-p\notes_inbox\47_
1510,allen-p\notes_inbox\4_
1524,allen-p\sent\107_
1530,allen-p\sent\112_
1537,allen-p\sent\119_
1553,allen-p\sent\133_
1583,allen-p\sent\160_
1593,allen-p\sent\16_
1594,allen-p\sent\170_
1632,allen-p\sent\204_
1645,allen-p\sent\216_
1660,allen-p\sent\22_
1737,allen-p\sent\300_
1747,allen-p\sent\30_
1748,allen-p\sent\310_
1751,allen-p\sent\313_
1752,allen-p\sent\314_
1756,allen-p\sent\318_
1773,allen-p\sent\333_
1774,allen-p\sent\334_
1782,allen-p\sent\341_
1794,allen-p\sent\352_
1804,allen-p\sent\361_
1805,allen-p\sent\362_
1844,allen-p\sent\398_
1845,allen-p\sent\399_
1857,allen-p\sent\409_
1877,allen-p\sent\427_
1901,allen-p\sent\449_
1905,allen-p\sent\452_
1909,allen-p\sent\456_
1914,allen-p\sent\460_
1923,allen-p\sent\469_
1930,allen-p\sent\475_
1949,allen-p\sent\492_
1951,allen-p\sent\494_
1965,allen-p\sent\506_
1967,allen-p\sent\508_
1969,allen-p\sent\50_
1970,allen-p\sent\510_
1973,allen-p\sent\513_
1994,allen-p\sent\533_
1995,allen-p\sent\534_
2000,allen-p\sent\539_
2004,allen-p\sent\542_
2047,allen-p\sent\765_
2061,allen-p\sent\84_
2066,allen-p\sent\89_
2071,allen-p\sent\93_
2077,allen-p\sent\99_
2079,allen-p\sent_items\100_
2083,allen-p\sent_items\104_
2086,allen-p\sent_items\107_
2088,allen-p\sent_items\109_
2090,allen-p\sent_items\110_
2091,allen-p\sent_items\111_
2098,allen-p\sent_items\118_
2101,allen-p\sent_items\120_
2103,allen-p\sent_items\122_
2106,allen-p\sent_items\125_
2118,allen-p\sent_items\136_
2120,allen-p\sent_items\138_
2153,allen-p\sent_items\169_
2171,allen-p\sent_items\185_
2172,allen-p\sent_items\186_
2173,allen-p\sent_items\187_
2179,allen-p\sent_items\192_
2189,allen-p\sent_items\200_
2193,allen-p\sent_items\204_
2200,allen-p\sent_items\210_
2201,allen-p\sent_items\211_
2235,allen-p\sent_items\242_
2238,allen-p\sent_items\245_
2239,allen-p\sent_items\246_
2269,allen-p\sent_items\273_
2274,allen-p\sent_items\278_
2276,allen-p\sent_items\27_
2282,allen-p\sent_items\286_
2287,allen-p\sent_items\290_
2288,allen-p\sent_items\291_
2295,allen-p\sent_items\29_
2301,allen-p\sent_items\304_
2303,allen-p\sent_items\306_
2304,allen-p\sent_items\307_
2307,allen-p\sent_items\30_
2311,allen-p\sent_items\34_
2312,allen-p\sent_items\35_
2313,allen-p\sent_items\368_
2317,allen-p\sent_items\371_
2326,allen-p\sent_items\37_
2349,allen-p\sent_items\3_
2352,allen-p\sent_items\402_
2355,allen-p\sent_items\407_
2365,allen-p\sent_items\47_
2369,allen-p\sent_items\50_
2374,allen-p\sent_items\55_
2379,allen-p\sent_items\5_
2391,allen-p\sent_items\70_
2392,allen-p\sent_items\71_
2399,allen-p\sent_items\78_
2409,allen-p\sent_items\87_
2414,allen-p\sent_items\91_
2420,allen-p\sent_items\97_
2432,allen-p\_sent_mail\1000_
2469,allen-p\_sent_mail\12_
2471,allen-p\_sent_mail\131_
2476,allen-p\_sent_mail\136_
2481,allen-p\_sent_mail\140_
2487,allen-p\_sent_mail\146_
2496,allen-p\_sent_mail\154_
2501,allen-p\_sent_mail\159_
2502,allen-p\_sent_mail\15_
2509,allen-p\_sent_mail\166_
2525,allen-p\_sent_mail\180_
2555,allen-p\_sent_mail\207_
2558,allen-p\_sent_mail\20_
2566,allen-p\_sent_mail\217_
2604,allen-p\_sent_mail\251_
2617,allen-p\_sent_mail\263_
2657,allen-p\_sent_mail\2_
2708,allen-p\_sent_mail\347_
2718,allen-p\_sent_mail\357_
2721,allen-p\_sent_mail\35_
2722,allen-p\_sent_mail\360_
2723,allen-p\_sent_mail\361_
2730,allen-p\_sent_mail\36_
2741,allen-p\_sent_mail\380_
2742,allen-p\_sent_mail\381_
2747,allen-p\_sent_mail\388_
2758,allen-p\_sent_mail\399_
2769,allen-p\_sent_mail\408_
2770,allen-p\_sent_mail\409_
2804,allen-p\_sent_mail\43_
2810,allen-p\_sent_mail\445_
2811,allen-p\_sent_mail\446_
2822,allen-p\_sent_mail\456_
2842,allen-p\_sent_mail\474_
2866,allen-p\_sent_mail\496_
2869,allen-p\_sent_mail\499_
2875,allen-p\_sent_mail\503_
2879,allen-p\_sent_mail\507_
2889,allen-p\_sent_mail\516_
2896,allen-p\_sent_mail\522_
2914,allen-p\_sent_mail\539_
2917,allen-p\_sent_mail\541_
2930,allen-p\_sent_mail\553_
2932,allen-p\_sent_mail\555_
2934,allen-p\_sent_mail\557_
2938,allen-p\_sent_mail\560_
2959,allen-p\_sent_mail\580_
2960,allen-p\_sent_mail\581_
2965,allen-p\_sent_mail\586_
2968,allen-p\_sent_mail\589_
2991,allen-p\_sent_mail\63_
2997,allen-p\_sent_mail\69_
3008,allen-p\_sent_mail\77_
3030,allen-p\_sent_mail\97_
3055,arnold-j\all_documents\1017_
3062,arnold-j\all_documents\1023_
3074,arnold-j\all_documents\1034_
3116,arnold-j\all_documents\125_
3122,arnold-j\all_documents\130_
3124,arnold-j\all_documents\132_
3130,arnold-j\all_documents\138_
3136,arnold-j\all_documents\1401_
3139,arnold-j\all_documents\142_
3175,arnold-j\all_documents\175_
3202,arnold-j\all_documents\19_
3203,arnold-j\all_documents\1_
3206,arnold-j\all_documents\202_
3207,arnold-j\all_documents\203_
3227,arnold-j\all_documents\221_
3243,arnold-j\all_documents\236_
3273,arnold-j\all_documents\263_
3280,arnold-j\all_documents\26_
3333,arnold-j\all_documents\317_
3345,arnold-j\all_documents\328_
3362,arnold-j\all_documents\343_
3369,arnold-j\all_documents\34_
3401,arnold-j\all_documents\379_
3420,arnold-j\all_documents\396_
3425,arnold-j\all_documents\3_
3438,arnold-j\all_documents\411_
3450,arnold-j\all_documents\422_
3453,arnold-j\all_documents\425_
3518,arnold-j\all_documents\484_
3522,arnold-j\all_documents\488_
3524,arnold-j\all_documents\48_
3546,arnold-j\all_documents\509_
3560,arnold-j\all_documents\521_
3575,arnold-j\all_documents\535_
3577,arnold-j\all_documents\537_
3578,arnold-j\all_documents\538_
3586,arnold-j\all_documents\545_
3634,arnold-j\all_documents\589_
3653,arnold-j\all_documents\605_
3654,arnold-j\all_documents\606_
3688,arnold-j\all_documents\638_
3689,arnold-j\all_documents\639_
3691,arnold-j\all_documents\640_
3692,arnold-j\all_documents\641_
3696,arnold-j\all_documents\645_
3699,arnold-j\all_documents\648_
3722,arnold-j\all_documents\66_
3738,arnold-j\all_documents\684_
3744,arnold-j\all_documents\68_
3756,arnold-j\all_documents\6_
3767,arnold-j\all_documents\70_
3769,arnold-j\all_documents\711_
3774,arnold-j\all_documents\718_
3781,arnold-j\all_documents\724_
3782,arnold-j\all_documents\725_
3792,arnold-j\all_documents\734_
3794,arnold-j\all_documents\736_
3795,arnold-j\all_documents\737_
3796,arnold-j\all_documents\738_
3819,arnold-j\all_documents\75_
3829,arnold-j\all_documents\769_
3830,arnold-j\all_documents\76_
3851,arnold-j\all_documents\78_
3876,arnold-j\all_documents\811_
3881,arnold-j\all_documents\816_
3885,arnold-j\all_documents\81_
3896,arnold-j\all_documents\82_
3902,arnold-j\all_documents\835_
3903,arnold-j\all_documents\836_
3914,arnold-j\all_documents\846_
3930,arnold-j\all_documents\860_
3987,arnold-j\all_documents\912_
4005,arnold-j\all_documents\929_
4006,arnold-j\all_documents\92_
4017,arnold-j\all_documents\93_
4027,arnold-j\all_documents\949_
4029,arnold-j\all_documents\950_
4041,arnold-j\all_documents\961_
4049,arnold-j\all_documents\969_
4073,arnold-j\all_documents\990_
4085,arnold-j\avaya\1_
4086,arnold-j\avaya\2_
4087,arnold-j\avaya\3_
4089,arnold-j\avaya\5_
4090,arnold-j\bmc\10_
4095,arnold-j\bmc\15_
4099,arnold-j\bmc\3_
4101,arnold-j\bmc\5_
4102,arnold-j\bmc\6_
4104,arnold-j\bmc\8_
4121,arnold-j\compaq\6_
4147,arnold-j\deleted_items\106_
4170,arnold-j\deleted_items\127_
4180,arnold-j\deleted_items\136_
4192,arnold-j\deleted_items\147_
4207,arnold-j\deleted_items\160_
4217,arnold-j\deleted_items\16_
4218,arnold-j\deleted_items\170_
4219,arnold-j\deleted_items\171_
4224,arnold-j\deleted_items\176_
4227,arnold-j\deleted_items\179_
4233,arnold-j\deleted_items\184_
4245,arnold-j\deleted_items\195_
4248,arnold-j\deleted_items\198_
4255,arnold-j\deleted_items\203_
4257,arnold-j\deleted_items\205_
4258,arnold-j\deleted_items\206_
4266,arnold-j\deleted_items\213_
4270,arnold-j\deleted_items\217_
4285,arnold-j\deleted_items\231_
4291,arnold-j\deleted_items\238_
4313,arnold-j\deleted_items\258_
4322,arnold-j\deleted_items\266_
4332,arnold-j\deleted_items\275_
4373,arnold-j\deleted_items\313_
4379,arnold-j\deleted_items\31_
4393,arnold-j\deleted_items\332_
4397,arnold-j\deleted_items\336_
4404,arnold-j\deleted_items\342_
4411,arnold-j\deleted_items\349_
4414,arnold-j\deleted_items\351_
4420,arnold-j\deleted_items\357_
4429,arnold-j\deleted_items\365_
4463,arnold-j\deleted_items\397_
4474,arnold-j\deleted_items\406_
4477,arnold-j\deleted_items\409_
4480,arnold-j\deleted_items\411_
4488,arnold-j\deleted_items\41_
4501,arnold-j\deleted_items\431_
4509,arnold-j\deleted_items\439_
4510,arnold-j\deleted_items\43_
4536,arnold-j\deleted_items\463_
4541,arnold-j\deleted_items\468_
4543,arnold-j\deleted_items\46_
4545,arnold-j\deleted_items\471_
4554,arnold-j\deleted_items\480_
4578,arnold-j\deleted_items\506_
4580,arnold-j\deleted_items\508_
4597,arnold-j\deleted_items\523_
4600,arnold-j\deleted_items\526_
4601,arnold-j\deleted_items\527_
4613,arnold-j\deleted_items\539_
4619,arnold-j\deleted_items\544_
4620,arnold-j\deleted_items\545_
4623,arnold-j\deleted_items\548_
4627,arnold-j\deleted_items\551_
4631,arnold-j\deleted_items\555_
4633,arnold-j\deleted_items\557_
4659,arnold-j\deleted_items\580_
4660,arnold-j\deleted_items\581_
4664,arnold-j\deleted_items\5_
4675,arnold-j\deleted_items\626_
4684,arnold-j\deleted_items\634_
4687,arnold-j\deleted_items\638_
4695,arnold-j\deleted_items\645_
4707,arnold-j\deleted_items\657_
4712,arnold-j\deleted_items\661_
4714,arnold-j\deleted_items\663_
4719,arnold-j\deleted_items\668_
4734,arnold-j\deleted_items\681_
4746,arnold-j\deleted_items\692_
4747,arnold-j\deleted_items\693_
4757,arnold-j\deleted_items\701_
4758,arnold-j\deleted_items\702_
4760,arnold-j\deleted_items\704_
4784,arnold-j\deleted_items\726_
4789,arnold-j\deleted_items\730_
4791,arnold-j\deleted_items\732_
4814,arnold-j\deleted_items\753_
4821,arnold-j\deleted_items\75_
4828,arnold-j\deleted_items\766_
4835,arnold-j\deleted_items\772_
4853,arnold-j\deleted_items\90_
4857,arnold-j\deleted_items\94_
4861,arnold-j\deleted_items\98_
4864,arnold-j\dell\1_
4920,arnold-j\discussion_threads\150_
4929,arnold-j\discussion_threads\159_
4939,arnold-j\discussion_threads\168_
4940,arnold-j\discussion_threads\169_
4958,arnold-j\discussion_threads\185_
4963,arnold-j\discussion_threads\18_
5083,arnold-j\discussion_threads\423_
5088,arnold-j\discussion_threads\428_
5089,arnold-j\discussion_threads\429_
5091,arnold-j\discussion_threads\430_
5096,arnold-j\discussion_threads\435_
5129,arnold-j\discussion_threads\465_
5132,arnold-j\discussion_threads\468_
5137,arnold-j\discussion_threads\472_
5153,arnold-j\discussion_threads\487_
5173,arnold-j\discussion_threads\504_
5174,arnold-j\discussion_threads\505_
5175,arnold-j\discussion_threads\506_
5176,arnold-j\discussion_threads\507_
5188,arnold-j\discussion_threads\518_
5189,arnold-j\discussion_threads\519_
5205,arnold-j\discussion_threads\533_
5247,arnold-j\discussion_threads\83_
5249,arnold-j\discussion_threads\85_
5252,arnold-j\discussion_threads\88_
5260,arnold-j\discussion_threads\95_
5279,arnold-j\fedex\6_
5294,arnold-j\human_resources\1_
5297,arnold-j\inbox\11_
5302,arnold-j\inbox\13_
5319,arnold-j\inbox\155_
5342,arnold-j\inbox\177_
5343,arnold-j\inbox\17_
5354,arnold-j\inbox\25_
5365,arnold-j\inbox\35_
5369,arnold-j\inbox\39_
5379,arnold-j\inbox\48_
5386,arnold-j\inbox\54_
5390,arnold-j\inbox\58_
5415,arnold-j\inbox\80_
5422,arnold-j\inbox\87_
5428,arnold-j\inbox\92_
5431,arnold-j\inbox\95_
5432,arnold-j\inbox\96_
5439,arnold-j\kinko_s\3_
5440,arnold-j\kinko_s\4_
5441,arnold-j\nepco\1_
5454,arnold-j\notes_inbox\1_
5455,arnold-j\notes_inbox\20_
5468,arnold-j\notes_inbox\32_
5469,arnold-j\notes_inbox\33_
5475,arnold-j\notes_inbox\39_
5476,arnold-j\notes_inbox\3_
5491,arnold-j\notes_inbox\53_
5506,arnold-j\notes_inbox\67_
5507,arnold-j\notes_inbox\68_
5514,arnold-j\notes_inbox\74_
5515,arnold-j\notes_inbox\75_
5516,arnold-j\notes_inbox\76_
5517,arnold-j\notes_inbox\77_
5523,arnold-j\notes_inbox\82_
5565,arnold-j\sent\1163_
5586,arnold-j\sent\134_
5598,arnold-j\sent\145_
5615,arnold-j\sent\160_
5654,arnold-j\sent\196_
5674,arnold-j\sent\213_
5690,arnold-j\sent\228_
5702,arnold-j\sent\239_
5706,arnold-j\sent\242_
5771,arnold-j\sent\300_
5775,arnold-j\sent\304_
5798,arnold-j\sent\325_
5811,arnold-j\sent\337_
5826,arnold-j\sent\350_
5828,arnold-j\sent\352_
5829,arnold-j\sent\353_
5835,arnold-j\sent\359_
5907,arnold-j\sent\424_
5910,arnold-j\sent\427_
5968,arnold-j\sent\480_
5973,arnold-j\sent\485_
5980,arnold-j\sent\491_
5981,arnold-j\sent\492_
5992,arnold-j\sent\501_
5994,arnold-j\sent\503_
5995,arnold-j\sent\504_
5996,arnold-j\sent\505_
6029,arnold-j\sent\536_
6033,arnold-j\sent\53_
6074,arnold-j\sent\577_
6080,arnold-j\sent\582_
6102,arnold-j\sent\601_
6103,arnold-j\sent\602_
6114,arnold-j\sent\612_
6129,arnold-j\sent\626_
6185,arnold-j\sent\677_
6204,arnold-j\sent\694_
6227,arnold-j\sent\714_
6228,arnold-j\sent\715_
6240,arnold-j\sent\726_
6249,arnold-j\sent\734_
6272,arnold-j\sent\755_
6301,arnold-j\sent\781_
6307,arnold-j\sent\787_
6319,arnold-j\sent\798_
6333,arnold-j\sent\80_
6370,arnold-j\sent_items\109_
6373,arnold-j\sent_items\111_
6374,arnold-j\sent_items\112_
6375,arnold-j\sent_items\113_
6378,arnold-j\sent_items\116_
6398,arnold-j\sent_items\134_
6405,arnold-j\sent_items\140_
6430,arnold-j\sent_items\163_
6439,arnold-j\sent_items\171_
6440,arnold-j\sent_items\172_
6455,arnold-j\sent_items\186_
6463,arnold-j\sent_items\193_
6465,arnold-j\sent_items\195_
6473,arnold-j\sent_items\201_
6491,arnold-j\sent_items\218_
6496,arnold-j\sent_items\222_
6497,arnold-j\sent_items\223_
6499,arnold-j\sent_items\225_
6505,arnold-j\sent_items\230_
6522,arnold-j\sent_items\246_
6537,arnold-j\sent_items\261_
6610,arnold-j\sent_items\32_
6613,arnold-j\sent_items\332_
6628,arnold-j\sent_items\346_
6633,arnold-j\sent_items\350_
6637,arnold-j\sent_items\354_
6642,arnold-j\sent_items\359_
6643,arnold-j\sent_items\35_
6658,arnold-j\sent_items\373_
6672,arnold-j\sent_items\386_
6674,arnold-j\sent_items\388_
6694,arnold-j\sent_items\405_
6701,arnold-j\sent_items\411_
6712,arnold-j\sent_items\421_
6732,arnold-j\sent_items\440_
6754,arnold-j\sent_items\460_
6757,arnold-j\sent_items\463_
6805,arnold-j\sent_items\506_
6832,arnold-j\sent_items\530_
6835,arnold-j\sent_items\533_
6837,arnold-j\sent_items\535_
6841,arnold-j\sent_items\539_
6844,arnold-j\sent_items\541_
6875,arnold-j\sent_items\570_
6936,arnold-j\sent_items\625_
6959,arnold-j\sent_items\706_
6962,arnold-j\sent_items\709_
6967,arnold-j\sent_items\713_
6997,arnold-j\sent_items\740_
7046,arnold-j\sent_items\785_
7070,arnold-j\sent_items\88_
7076,arnold-j\sent_items\93_
7082,arnold-j\sent_items\99_
7086,arnold-j\sony\2_
7089,arnold-j\sony\5_
7097,arnold-j\tasks\1_
7137,arnold-j\_sent_mail\1159_
7157,arnold-j\_sent_mail\132_
7169,arnold-j\_sent_mail\143_
7185,arnold-j\_sent_mail\158_
7225,arnold-j\_sent_mail\194_
7245,arnold-j\_sent_mail\211_
7261,arnold-j\_sent_mail\226_
7273,arnold-j\_sent_mail\237_
7277,arnold-j\_sent_mail\240_
7340,arnold-j\_sent_mail\298_
7346,arnold-j\_sent_mail\302_
7369,arnold-j\_sent_mail\323_
7382,arnold-j\_sent_mail\335_
7396,arnold-j\_sent_mail\348_
7399,arnold-j\_sent_mail\350_
7400,arnold-j\_sent_mail\351_
7406,arnold-j\_sent_mail\357_
7478,arnold-j\_sent_mail\421_
7481,arnold-j\_sent_mail\424_
7538,arnold-j\_sent_mail\476_
7544,arnold-j\_sent_mail\481_
7550,arnold-j\_sent_mail\487_
7551,arnold-j\_sent_mail\488_
7561,arnold-j\_sent_mail\497_
7563,arnold-j\_sent_mail\499_
7566,arnold-j\_sent_mail\500_
7567,arnold-j\_sent_mail\501_
7586,arnold-j\_sent_mail\51_
7600,arnold-j\_sent_mail\532_
7645,arnold-j\_sent_mail\573_
7650,arnold-j\_sent_mail\578_
7671,arnold-j\_sent_mail\597_
7672,arnold-j\_sent_mail\598_
7684,arnold-j\_sent_mail\608_
7700,arnold-j\_sent_mail\622_
7756,arnold-j\_sent_mail\673_
7775,arnold-j\_sent_mail\690_
7798,arnold-j\_sent_mail\710_
7799,arnold-j\_sent_mail\711_
7811,arnold-j\_sent_mail\722_
7820,arnold-j\_sent_mail\730_
7843,arnold-j\_sent_mail\751_
7871,arnold-j\_sent_mail\777_
7878,arnold-j\_sent_mail\783_
7885,arnold-j\_sent_mail\78_
7890,arnold-j\_sent_mail\794_
7937,arora-h\all_documents\15_
7938,arora-h\all_documents\16_
7943,arora-h\all_documents\20_
7952,arora-h\all_documents\29_
7962,arora-h\all_documents\38_
7966,arora-h\all_documents\41_
8005,arora-h\deleted_items\108_
8034,arora-h\deleted_items\135_
8039,arora-h\deleted_items\13_
8042,arora-h\deleted_items\142_
8044,arora-h\deleted_items\144_
8049,arora-h\deleted_items\149_
8050,arora-h\deleted_items\14_
8073,arora-h\deleted_items\171_
8083,arora-h\deleted_items\180_
8110,arora-h\deleted_items\23_
8111,arora-h\deleted_items\24_
8114,arora-h\deleted_items\27_
8126,arora-h\deleted_items\37_
8134,arora-h\deleted_items\44_
8141,arora-h\deleted_items\50_
8151,arora-h\deleted_items\5_
8155,arora-h\deleted_items\63_
8165,arora-h\deleted_items\72_
8169,arora-h\deleted_items\76_
8170,arora-h\deleted_items\77_
8171,arora-h\deleted_items\78_
8189,arora-h\deleted_items\96_
8191,arora-h\deleted_items\98_
8199,arora-h\discussion_threads\15_
8200,arora-h\discussion_threads\16_
8212,arora-h\discussion_threads\27_
8222,arora-h\discussion_threads\36_
8225,arora-h\discussion_threads\39_
8253,arora-h\funny\1_
8270,arora-h\inbox\saved_mail\16_
8283,arora-h\inbox\saved_mail\28_
8289,arora-h\inbox\saved_mail\33_
8291,arora-h\inbox\saved_mail\35_
8300,arora-h\inbox\saved_mail\43_
8302,arora-h\inbox\saved_mail\45_
8307,arora-h\inbox\saved_mail\4_
8310,arora-h\inbox\saved_mail\52_
8311,arora-h\inbox\saved_mail\53_
8324,arora-h\inbox\saved_mail\65_
8326,arora-h\inbox\saved_mail\7_
8329,arora-h\inbox\10_
8333,arora-h\inbox\14_
8337,arora-h\inbox\18_
8344,arora-h\inbox\24_
8345,arora-h\inbox\25_
8349,arora-h\inbox\29_
8357,arora-h\inbox\37_
8360,arora-h\inbox\3_
8391,arora-h\inbox\7_
8412,arora-h\savedmail\13_
8422,arora-h\savedmail\22_
8431,arora-h\savedmail\30_
8435,arora-h\savedmail\34_
8464,arora-h\savedmail\60_
8478,arora-h\savedmail\73_
8495,arora-h\savedmail\89_
8520,arora-h\sent_items\21_
8569,arora-h\sent_items\66_
8579,arora-h\vanderbilt\3_
8599,badeer-r\all_documents\112_
8602,badeer-r\all_documents\115_
8610,badeer-r\all_documents\122_
8616,badeer-r\all_documents\128_
8621,badeer-r\all_documents\132_
8629,badeer-r\all_documents\13_
8636,badeer-r\all_documents\146_
8642,badeer-r\all_documents\151_
8646,badeer-r\all_documents\155_
8654,badeer-r\all_documents\162_
8661,badeer-r\all_documents\169_
8666,badeer-r\all_documents\173_
8676,badeer-r\all_documents\182_
8695,badeer-r\all_documents\19_
8712,badeer-r\all_documents\215_
8714,badeer-r\all_documents\217_
8722,badeer-r\all_documents\224_
8726,badeer-r\all_documents\228_
8738,badeer-r\all_documents\239_
8754,badeer-r\all_documents\253_
8756,badeer-r\all_documents\255_
8764,badeer-r\all_documents\262_
8807,badeer-r\all_documents\300_
8809,badeer-r\all_documents\30_
8820,badeer-r\all_documents\41_
8849,badeer-r\all_documents\68_
8899,badeer-r\california\23_
8901,badeer-r\california\25_
8920,badeer-r\california\42_
8921,badeer-r\california\43_
8929,badeer-r\california\50_
8931,badeer-r\california\52_
8937,badeer-r\california\58_
8954,badeer-r\california\9_
8960,badeer-r\cal_articles\6_
8963,badeer-r\capx\1_
8968,badeer-r\capx\6_
8987,badeer-r\discussion_threads\103_
8996,badeer-r\discussion_threads\111_
9000,badeer-r\discussion_threads\115_
9008,badeer-r\discussion_threads\122_
9015,badeer-r\discussion_threads\129_
9019,badeer-r\discussion_threads\132_
9024,badeer-r\discussion_threads\137_
9036,badeer-r\discussion_threads\148_
9041,badeer-r\discussion_threads\152_
9047,badeer-r\discussion_threads\158_
9055,badeer-r\discussion_threads\165_
9058,badeer-r\discussion_threads\168_
9104,badeer-r\discussion_threads\209_
9134,badeer-r\discussion_threads\236_
9145,badeer-r\discussion_threads\247_
9157,badeer-r\discussion_threads\258_
9164,badeer-r\discussion_threads\264_
9179,badeer-r\discussion_threads\278_
9188,badeer-r\discussion_threads\34_
9196,badeer-r\discussion_threads\41_
9198,badeer-r\discussion_threads\43_
9212,badeer-r\discussion_threads\56_
9232,badeer-r\discussion_threads\74_
9233,badeer-r\discussion_threads\75_
9264,badeer-r\dj_articles\4_
9275,badeer-r\memo_s\4_
9276,badeer-r\memo_s\5_
9286,badeer-r\notes_inbox\104_
9294,badeer-r\notes_inbox\111_
9299,badeer-r\notes_inbox\116_
9302,badeer-r\notes_inbox\13_
9308,badeer-r\notes_inbox\19_
9321,badeer-r\notes_inbox\30_
9332,badeer-r\notes_inbox\41_
9361,badeer-r\notes_inbox\68_
9393,badeer-r\notes_inbox\97_
9433,badeer-r\_sent_mail\31_
9435,badeer-r\_sent_mail\33_
9445,badeer-r\_sent_mail\42_
9463,bailey-s\all_documents\10_
9464,bailey-s\all_documents\11_
9465,bailey-s\all_documents\12_
9466,bailey-s\all_documents\13_
9478,bailey-s\all_documents\9_
9480,bailey-s\deleted_items\101_
9485,bailey-s\deleted_items\106_
9486,bailey-s\deleted_items\107_
9487,bailey-s\deleted_items\108_
9491,bailey-s\deleted_items\111_
9493,bailey-s\deleted_items\113_
9494,bailey-s\deleted_items\114_
9495,bailey-s\deleted_items\115_
9514,bailey-s\deleted_items\132_
9516,bailey-s\deleted_items\134_
9517,bailey-s\deleted_items\135_
9525,bailey-s\deleted_items\142_
9551,bailey-s\deleted_items\167_
9552,bailey-s\deleted_items\168_
9553,bailey-s\deleted_items\169_
9555,bailey-s\deleted_items\170_
9565,bailey-s\deleted_items\17_
9583,bailey-s\deleted_items\196_
9584,bailey-s\deleted_items\197_
9592,bailey-s\deleted_items\203_
9614,bailey-s\deleted_items\223_
9618,bailey-s\deleted_items\227_
9620,bailey-s\deleted_items\229_
9624,bailey-s\deleted_items\232_
9625,bailey-s\deleted_items\233_
9631,bailey-s\deleted_items\239_
9637,bailey-s\deleted_items\244_
9638,bailey-s\deleted_items\245_
9639,bailey-s\deleted_items\246_
9642,bailey-s\deleted_items\249_
9650,bailey-s\deleted_items\256_
9651,bailey-s\deleted_items\257_
9657,bailey-s\deleted_items\262_
9662,bailey-s\deleted_items\267_
9673,bailey-s\deleted_items\277_
9679,bailey-s\deleted_items\282_
9682,bailey-s\deleted_items\285_
9683,bailey-s\deleted_items\286_
9689,bailey-s\deleted_items\291_
9697,bailey-s\deleted_items\299_
9703,bailey-s\deleted_items\303_
9704,bailey-s\deleted_items\304_
9705,bailey-s\deleted_items\305_
9732,bailey-s\deleted_items\32_
9736,bailey-s\deleted_items\333_
9740,bailey-s\deleted_items\337_
9743,bailey-s\deleted_items\33_
9744,bailey-s\deleted_items\340_
9747,bailey-s\deleted_items\343_
9753,bailey-s\deleted_items\349_
9755,bailey-s\deleted_items\350_
9756,bailey-s\deleted_items\351_
9786,bailey-s\deleted_items\379_
9830,bailey-s\deleted_items\418_
9853,bailey-s\deleted_items\46_
9854,bailey-s\deleted_items\47_
9860,bailey-s\deleted_items\52_
9870,bailey-s\deleted_items\61_
9871,bailey-s\deleted_items\62_
9875,bailey-s\deleted_items\66_
9880,bailey-s\deleted_items\70_
9882,bailey-s\deleted_items\72_
9883,bailey-s\deleted_items\73_
9887,bailey-s\deleted_items\77_
9890,bailey-s\deleted_items\7_
9909,bailey-s\deleted_items\97_
9921,bailey-s\notes_inbox\4_
9922,bailey-s\notes_inbox\5_
9923,bailey-s\notes_inbox\6_
9924,bailey-s\notes_inbox\7_
9925,bailey-s\notes_inbox\8_
9962,bass-e\all_documents\101_
9989,bass-e\all_documents\1044_
9995,bass-e\all_documents\104_
