438,allen-p\all_documents\4_
634,allen-p\deleted_items\104_
653,allen-p\deleted_items\122_
665,allen-p\deleted_items\133_
722,allen-p\deleted_items\188_
748,allen-p\deleted_items\211_
777,allen-p\deleted_items\242_
789,allen-p\deleted_items\254_
822,allen-p\deleted_items\350_
870,allen-p\deleted_items\396_
916,allen-p\deleted_items\439_
987,allen-p\deleted_items\96_
1132,allen-p\discussion_threads\230_
1510,allen-p\notes_inbox\4_
3057,arnold-j\all_documents\1019_
3208,arnold-j\all_documents\204_
3827,arnold-j\all_documents\767_
3915,arnold-j\all_documents\847_
3961,arnold-j\all_documents\889_
3964,arnold-j\all_documents\891_
3965,arnold-j\all_documents\892_
3970,arnold-j\all_documents\897_
4080,arnold-j\all_documents\997_
4176,arnold-j\deleted_items\132_
4227,arnold-j\deleted_items\179_
4259,arnold-j\deleted_items\207_
4260,arnold-j\deleted_items\208_
4294,arnold-j\deleted_items\240_
4311,arnold-j\deleted_items\256_
4403,arnold-j\deleted_items\341_
4435,arnold-j\deleted_items\370_
4510,arnold-j\deleted_items\43_
4552,arnold-j\deleted_items\479_
4555,arnold-j\deleted_items\481_
4561,arnold-j\deleted_items\48_
4566,arnold-j\deleted_items\494_
4579,arnold-j\deleted_items\507_
4589,arnold-j\deleted_items\516_
4598,arnold-j\deleted_items\524_
4654,arnold-j\deleted_items\576_
4665,arnold-j\deleted_items\60_
4666,arnold-j\deleted_items\618_
4684,arnold-j\deleted_items\634_
4689,arnold-j\deleted_items\63_
4748,arnold-j\deleted_items\694_
4752,arnold-j\deleted_items\698_
4754,arnold-j\deleted_items\69_
4757,arnold-j\deleted_items\701_
4758,arnold-j\deleted_items\702_
4830,arnold-j\deleted_items\768_
4836,arnold-j\deleted_items\773_
4856,arnold-j\deleted_items\93_
4938,arnold-j\discussion_threads\167_
5087,arnold-j\discussion_threads\427_
5113,arnold-j\discussion_threads\450_
5470,arnold-j\notes_inbox\34_
6027,arnold-j\sent\534_
6115,arnold-j\sent\613_
6161,arnold-j\sent\655_
6163,arnold-j\sent\657_
6164,arnold-j\sent\658_
6170,arnold-j\sent\663_
6280,arnold-j\sent\762_
6303,arnold-j\sent\783_
6475,arnold-j\sent_items\203_
6550,arnold-j\sent_items\275_
6804,arnold-j\sent_items\505_
7046,arnold-j\sent_items\785_
7598,arnold-j\_sent_mail\530_
7685,arnold-j\_sent_mail\609_
7732,arnold-j\_sent_mail\651_
7734,arnold-j\_sent_mail\653_
7735,arnold-j\_sent_mail\654_
7740,arnold-j\_sent_mail\659_
7850,arnold-j\_sent_mail\758_
7873,arnold-j\_sent_mail\779_
8024,arora-h\deleted_items\126_
8025,arora-h\deleted_items\127_
8146,arora-h\deleted_items\55_
8334,arora-h\inbox\15_
8645,badeer-r\all_documents\154_
8655,badeer-r\all_documents\163_
8807,badeer-r\all_documents\300_
9007,badeer-r\discussion_threads\121_
9017,badeer-r\discussion_threads\130_
9179,badeer-r\discussion_threads\278_
9267,badeer-r\dj_articles\7_
9287,badeer-r\notes_inbox\105_
9299,badeer-r\notes_inbox\116_
9479,bailey-s\deleted_items\100_
9522,bailey-s\deleted_items\13_
9629,bailey-s\deleted_items\237_
9659,bailey-s\deleted_items\264_
9670,bailey-s\deleted_items\274_
9671,bailey-s\deleted_items\275_
9757,bailey-s\deleted_items\352_
9811,bailey-s\deleted_items\400_
9893,bailey-s\deleted_items\82_
9942,bass-e\all_documents\1001_
9984,bass-e\all_documents\103_
